aid,series_type,test_subject,video_type,test_brand,title,bili_typeid,duration,publish_time
90496400,正片,书写,电子纸,印象笔记,它才是网课必备工具？_印象笔记EverPEN【值不值得买第415期】,191,10:47,1582250438
89747014,BBT,,日常|美食,,“宅”在家里干什么？第二集【BB Time第255期】,21,14:41,1582077645
89737025,正片,投影仪,影音,极米,有了它，我一周都不想出门_极米H3投影仪【值不值得买第414期】,191,11:32,1581991205
89325929,BBT,,幕后,,待在家，TESTV如何网络协同办公制作节目？【BB Time第254期】,191,16:54,1581818426
88724391,正片,手表,穿戴,小米,时尚定位的“真”大号手环_小米手表Color【值不值得买第413期】,191,9:36,1581645610
88575302,BBT,掌机,开箱|游戏,任天堂,国行Switch开箱，宅在家就拿它解闷儿！【BB Time第253期】,191,8:53,1581559230
88095389,正片,鞋垫,穿戴,米萌,人暖腿，狗暖嘴—米萌智热鞋垫【值不值得买第412期】,191,9:55,1581386435
88065658,BBT,手机,开箱,谷歌,谷歌Google Pixel4开箱【BB Time第252期】,95,8:23,1581472808
87130186,正片,复古相机,摄影,富士,惊奇！照片真的会说话_富士instax mini Liplay【值不值得买第411期】,190,10:32,1581040846
86816937,BBT,,日常,,“宅”在家里干什么？【BB Time第251期】,21,16:37,1580868056
86380942,正片,,平板,华为,这是安卓平板之王？_华为MatePad Pro【值不值得买第410期】,95,13:11,1580781603
85789221,正片,干果机,居家,摩飞,如何健康地打发时间？_摩飞干果机【值不值得买第409期】,191,7:22,1580436028
85250897,正片,电子纸,书写,科大讯飞,过完年了，你可能需要它—科大讯飞智能办公本【值不值得买第408期】,191,7:12,1580176846
84780327,正片,耳机,影音,索尼,糟了，是心动的感觉_Sony Wi-1000XM2【值不值得买第407期】,191,16:14,1579831238
84499542,BBT,防寒服|汽车,旅行,特斯拉,气凝胶防寒服真的有用吗和特斯拉Model X体验【BB Time248期】,21,21:37,1579658428
84356190,BBT,云南|印刷|路由器,旅行|日常,,那些去年存放在草稿箱的BBT【BB Time第250期】,21,38:02:00,1580263240
84281878,BBT,饺子,美食|节日,,新年整蛊！众人被坑吃“芥末”“甘草”味饺子超有年味【BB Time第249期】,76,17:57,1579744834
83822997,正片,音箱,影音,小米,小米竟把平板焊接在智能音响上？_小爱触屏音响Pro8【值不值得买第406期】,191,9:55,1579572047
83744136,正片,暖风机,居家,智米,南方人怎么过冬？智米智能暖风机【值不值得买第405期】,98,8:15,1579226400
83469432,BBT,火锅,美食,海底捞,重庆人第一次吃“海底捞”自制麻辣锅底！【BB Time第247期】,76,13:37,1579053647
83304940,正片,保温杯,日用,,有了这些，你的保温杯就可以扔了？【值不值得买第404期】,191,14:11,1578967215
82845633,其它,,广告,,“我与你的24小时”_TESTV 5周年特别企划说明书,191,2:10,1578736828
82719428,正片,词典笔,教育,有道,单词竟然可以这么查？网易有道词典笔2.0【值不值得买第403期】,191,10:20,1578621618
82633104,BBT,净水器,日常,小米,办公室饮水改造，小米厨上式净水器怎么样？【BB Time第246期】,191,10:24,1578535237
82507656,BBT,体验店,旅行,京东,全球第一家京东“超级体验店”吸引我的竟然是…【BB Time第245期】,191,14:16,1578448820
82449193,其它,,录播,,TESTV年终直播-老板群演做菜录播,21,198:46:00,1578393425
82332861,正片,,电脑,苹果,16寸MacBook Pro贵才能好，好才能贵，买就对了！【值不值得买第402期】,189,23:56,1578362428
81809569,正片,保温杯|烘鞋机|暖手宝,日用,小米,拿着500元能在小米有品买到幸福吗？【值不值得买第401期】,191,14:01,1578016805
81558027,BBT,,旅行|节日,,TESTV集体跳“新宝岛”“爱河”庆元旦【BB Time第244期】,21,21:05,1577844057
81165936,其它,,回顾,,2019年的这几个产品你买了吗？【值不值得买特别篇】,191,24:12:00,1577757620
81015563,BBT,胶片,摄影,,胶片摄影新手入门指南【BB Time第243期】,190,31:20:00,1577584840
80790615,正片,垃圾处理机,居家,永尔佳,面对来自灵魂的拷问，你怕了吗_永尔佳厨余垃圾处理器【值不值得买第400期】,191,12:09,1577412014
80487424,BBT,烤鱼,美食,,全球只有0.02%人每天能吃到的美食【BB Time第242期】,21,15:17,1577239203
80413015,正片,,摄影,佳能,今年圣诞，一起出去拍吧！佳能G7X Mark III【值不值得买第399期】,190,15:58,1577152852
79890523,其它,,幕后,,怎么成为百万粉丝UP主？TESTV现身说法【值不值得买特别篇】,191,11:03,1576807208
79789039,BBT,榆林,旅行,,再次到榆林，和小朋友一起， 仰望星空MV幕后花絮～【BB Time第241期】,21,16:12,1576720836
79677916,其它,,联动,,和孩子们一起《仰望星空》，大家明年要都要更好呀！,193,4:26,1576634422
79508168,正片,耳机,影音,华为,华为用户的福音，舒适度媲美AirPods的真无线耳机_华为FreeBuds 3【值不值得买第398期】,191,20:30,1576548044
79017456,正片,手表,穿戴,小米,仅仅像Apple Watch就够了吗？小米智能手表【值不值得买第397期】,95,12:36,1576202453
78817111,BBT,烤全羊,美食,,吃内蒙古烤全羊扳手腕，谁是TESTV扳手腕之王？【BB Time第240期】,21,17:29,1576029615
78683238,正片,炒菜机,居家,独奏,小伙请朋友吃饭，竟然用这个煮？！朋友竟然…._独奏智能炒菜机【值不值得买第396期】,191,15:01,1575943244
78491410,BBT,徒步,旅行|运动,,4130海拔徒步6天，路途艰险，PY君老板在不断挣扎放弃中能否突破自我？【BB Time第239期】,21,35:58:00,1575784374
78188176,正片,,手机,坚果,坚果pro3还是工匠们的骄傲吗？_坚果pro3【值不值得买第395期】,95,16:32,1575597600
77972879,BBT,徒步,旅行|运动,,去尼泊尔徒步，数码采购狂魔配音君到底买了多少豪华装备？！【BB Time第238期】,191,15:28,1575424853
77850392,正片,,手机,海信,要和Kindle抢饭碗？海信A6，有墨水屏的双屏手机【值不值得买第394期】,95,10:57,1575339331
77334442,正片,,手机,三星,这就是今年的安卓机皇吗？三星Note 10 + 5G版深度体验【值不值得买第393期】,95,20:40,1574992830
77088623,BBT,电脑,开箱,苹果,MacBook Pro16寸纯开箱体验【BB Time第237期】,189,7:19,1574820010
77018275,正片,手表,穿戴,华为,手表，圆形才是王道吗—华为watchGT2【值不值得买第392期】,191,12:41,1574733659
76524072,正片,无人机,摄影,大疆,比手机还要轻的大疆无人机_Mavic Mini【值不值得买第391期】,190,12:52,1574388040
76305729,BBT,,摄影,,TESTV挑战摄影大师【BB Time第236期】,190,17:32,1574215217
76177933,正片,音乐墨镜,穿戴,华为,能出声的潮人墨镜_华为Eyewear智能音乐墨镜【值不值得买第390期】,191,13:12,1574128818
75694735,正片,,电脑,华为,打破传统笔记本的桎梏-华为Matebook X pro Linux版 2019款【值不值得买第389期】,189,12:12,1573783226
75469127,BBT,无人机,开箱,大疆,大疆Mavic Mini开箱试飞体验【BB Time第235期】,190,11:47,1573610449
75399453,正片,耳机,影音,苹果,我最喜欢的入耳式降噪耳机_AirPods Pro【值不值得买第388期】,191,20:56,1573524010
75307190,其它,,广告,,2019双十一的广告们,166,4:41,1573440328
75157922,BBT,手机,开箱,坚果,坚果 Pro 3开箱体验【BB Time第234期】,95,15:57,1573351256
74974598,BBT,双11,节日,,突击大家购物车看看双11都买啥？【BB Time第233期】,191,13:47,1573264828
74911337,正片,,手机,苹果,今年最鲜的水果，你闻出香味了吗—iPhone11【值不值得买第387期】,95,11:24,1573178403
74717945,BBT,手机|汽车,开箱,一加|迈凯轮,一加7T Pro迈凯伦限定版和艾利和AK T9iE开箱【BB Time第232期】,95,15:58,1573012870
74567578,正片,健身环,游戏,任天堂,全新减肥秘诀_健身环大冒险【值不值得买第386期】,191,14:05,1572919211
74188871,BBT,翻译机,旅行,科大讯飞,讯飞翻译机国外好用吗？【BB Time第231期】,191,12:18,1572660007
74094069,正片,,手机,华为,我已不再是以前的华为了-华为Mate 30 Pro【值不值得买第385期】,95,17:16,1572573623
73939450,BBT,跳伞,旅行|运动,,男后期挑战4000米高空跳伞【BB Time第230期】,163,25:19:00,1572487207
73750114,正片,鼠标,外设,罗技,办公鼠标旗舰机-罗技 MX master 3【值不值得买第384期】,189,10:33,1572314410
73296861,正片,音乐墨镜,穿戴,Bose,让生活自带BGM的神器_Bose Frames 智能音乐墨镜【值不值得买第383期】,191,13:11,1571968817
73175992,BBT,显示器|手表,开箱,华为|GoBigger,GoBigger便携显示器和华为WatchGT 2开箱体验【BB Time第229期】,191,15:57,1571882428
73030520,BBT,电脑,开箱,华为,华为 MateBook X Pro开箱体验【BB Time第228期】,189,11:19,1571796049
72051017,正片,,手机,苹果,它很好，可不是我想要_iPhone 11Pro Max【值不值得买第382期】,95,19:51,1571709609
71555231,正片,阅读伴侣,教育,Lighten,拿什么来拯救你，我的英语—Lighten AI英语阅读伴侣【值不值得买第381期】,191,13:15,1571364050
71307932,BBT,太阳能充电板|防窥膜,开箱,,太阳能充电和手机防窥膜【BB Time第227期】,95,9:41,1571191239
71263448,正片,掌机,游戏,任天堂,这个时代唯一的掌机_Switch Lite【值不值得买第380期】,191,12:45,1571104823
70837534,BBT,手机,开箱,三星,三星Galaxy Fold折叠屏手机开箱【BB Time第226期】,95,13:43,1570845603
70803286,正片,音箱,影音,小度,我和我的养成女友-小度智能音箱play青春版【值不值得买第379期】,191,11:22,1570759203
70580288,BBT,摄像,开箱,哈苏,全国只有100台的哈苏X1D II 50C开箱体验【BB Time第225期】,190,12:51,1570586402
70495043,正片,手表,穿戴,华米,内外兼备的智能手表_华米GTS智能手表【值不值得买378期】,191,11:53,1570500014
69977812,正片,书写,电子纸,SuperNote,超级笔记本_SuperNote A6 Agile【值不值得买377期】,191,16:10,1570154432
69709294,BBT,羊肉饸饹,旅行,,榆林行下吃吃吃！羊肉饸饹太扎实了！【BB Time第224期】,76,21:17,1570068046
69565235,正片,微波炉,居家,小米,假期在家吃剩菜，真香！米家微波炉【值不值得买第376期】,191,12:07,1569895212
69435883,BBT,手机|音箱,开箱,华为|Bose,华为Mate30Pro和BOSE智能音频眼镜开箱体验【BB Time第222期】,95,13:39,1569808830
69412072,BBT,,旅行,,我和祖国的花朵【BB Time第223期】,21,21:50,1569981607
69104594,正片,稳定器,摄影,大疆,这一切都是为了小姐姐啊_DJI Osmo Mobile3【值不值得买第375期】,190,16:34,1569549647
68971084,BBT,旅行箱|摄影包,开箱,地平线,地平线8号旅行箱和PD巅峰设计摄影包体验【BB Time第221期】,190,10:39,1569463218
68880301,BBT,电脑,装机,,装机猿潜入TESTV，古理线大法拯救男后期【BB Time第220期】,189,8:51,1569376824
68795772,正片,,手机,魅族,这手机看上去很美味呀_魅族16S Pro【值不值得买第374期】,95,17:17,1569290434
68550483,BBT,手机,开箱,苹果,购买iPhone 11的一天【BB Time第219期】,95,15:36,1569117657
68299275,正片,,摄影,Insta360,拇指大小的相机能拍Vlog?insta360 GO【值不值得买第373期】,190,10:21,1568944806
68024580,BBT,,旅行,,TESTV霸占私人小岛胡吃海喝【BB Time第218期】,21,17:25,1568772011
67998810,正片,,摄影,索尼,寻找最完美的VLOG相机-索尼黑卡7 RX100 Ⅶ【值不值得买第372期】,190,16:46,1568685608
67512778,正片,,手机,多亲,便宜好用非智能_多亲AI 1s+电话【值不值得买第371期】,95,17:32,1568340021
67218609,正片,,摄影,萌宝拍,捕获少女心的儿童相机_萌宝拍C1【值不值得买第370期】,190,11:59,1568080852
67216476,BBT,月饼,美食,,芥末味月饼你吃过没【BB Time第217期】,21,16:29,1568167202
66956291,BBT,相机|手机,开箱,索尼|魅族,黑卡7和魅族16s Pro开箱体验【BB Time第216期】,95,15:37,1567908054
66757686,正片,手环,穿戴,Keep,女后妻减肥记_Keep手环及App【值不值得买第369期】,191,15:49,1567735224
66521124,BBT,,旅行,阿里巴巴,阿里巴巴员工食堂长啥样【BB Time第215期】,21,16:59,1567562425
66446692,正片,鼠标,外设,科大讯飞,能听会说的鼠标，科大讯飞无线语音鼠标飞鼠【值不值得买第368期】,191,14:24,1567476059
65949714,正片,耳机,影音,小鸟,不仅仅是分体式蓝牙耳机_小鸟TRACK Air+耳机【值不值得买第367期】,191,17:22,1567130420
65560848,BBT,硬盘,开箱,Sandisk,iPad选什么硬盘_SanDisk SSD开箱【BB Time第214期】,189,16:55,1566957621
65523681,正片,,平板,华为|苹果,大学生要买一个平板电脑吗？华为M6和iPad mini 5【值不值得买第366期】,95,20:23,1566871204
64942458,正片,吸尘器,居家,戴森,不差钱的人用的_戴森V11absolute无线吸尘器【值不值得买第365期】,191,11:34,1566525612
64619694,BBT,平板,开箱,苹果,iPad mini5开箱初体验【BB Time第213期】,95,14:13,1566352842
64455681,正片,家教机,教育,步步高,爸爸再也不用担心你的学习了吗？步步高家教机 S5【值不值得买第364期】,191,13:20,1566266417
63913759,正片,稳定器,摄影,大疆,我的相机可以自动跟踪别人_DJI如影SC【值不值得买第363期】,190,13:07,1565920844
63757988,BBT,桂林,旅行,,沙雕网友去桂林“避暑”嗦粉 游龙脊梯田（下）【BB Time第212期】,21,25:56:00,1565834430
63600656,BBT,桂林,旅行,,沙雕网友去桂林“避暑”嗦粉（上）【BB Time第211期】,21,23:28,1565748013
63437080,正片,耳机,影音,Bose,超越Sony 1000XM3？_Bose 700无线消噪耳机【值不值得买第362期】,191,22:52,1565661615
62856933,正片,机器人,玩具,大疆,機甲大師の奧義-大疆 Robomaster S1 【值不值得买第361期】,191,12:30,1565316014
62383948,正片,风扇,居家,智米,它能让你清凉一夏？智米2s智能落地扇【值不值得买第360期】,191,11:14,1565056801
62348752,BBT,模拟飞行,旅行,,普通人开飞机会怎样【BB Time第210期】,191,26:40:00,1565143212
61873760,BBT,稳定器,开箱,如影,如影 SC 手持稳定器开箱体验【BB Time第209期】,190,13:22,1564797602
61816748,正片,,手机,索尼,索尼这下快牛逼了_Sony Xperia 1【值不值得买第359期】,95,21:26,1564711203
61470191,BBT,小龙虾,旅行,,资深逮虾户都没吃过这么多口味的小龙虾【BB Time第208期】,76,21:53,1564538419
61379926,正片,耳机,影音,PowerBeats,干儿子比亲儿子还亲 PowerBeats Pro 完全无线耳机【值不值得买第358期】,191,13:44,1564453668
60773440,正片,手环,穿戴,小米,被放进手环的小爱同学竟遭如此阉割_小米手环4NFC【值不值得买第357期】,191,11:31,1564106420
60443308,BBT,蹦床,运动,,蹦床后妻帅到模糊【BB Time第207期】,21,8:49,1563933648
60333554,正片,耳机,影音,索尼,不仅仅是分体式蓝牙耳机（上）_Sony WF-1000XM3降噪耳机【值不值得买第356期】,191,18:26,1563847253
60100181,其它,,录播,,TESTV四周年欢乐直播7点到10点的录播,21,180:24:00,1563695960
59727164,正片,小爱老师,教育,小米,再见，小爱老师！小米小爱老师【值不值得买第355期】,191,11:58,1563501616
59719496,其它,,广告,,TESTV4周年，只是个开始。,166,4:06,1563451302
59442169,BBT,机器人,运动,,体感操控机甲对战【BB Time第206期】,191,16:28,1563328829
59340946,正片,乐器,教育,Populele,我会唱跳Rap弹琴_Populele尤克里里【值不值得买第354期】,191,11:24,1563242446
58793886,正片,手表,穿戴,三星,来自银河的手表_三星Galaxy Watch Active【值不值得买第353期】,191,16:13,1562896809
58395161,正片,录音笔,影音,搜狗,TESTV间谍的秘密武器？搜狗C1 智能录音笔【值不值得买第352期】,191,14:58,1562637623
58379987,BBT,泰国,旅行,,老板再次勇闯泰国【BB Time第205期】,21,24:52:00,1562724058
57859836,正片,投影仪,影音,小米,私人影院都有了，那小姐姐？_米家激光投影电视4k【值不值得买第351期】,191,12:41,1562292023
57582747,BBT,投影仪,开箱,小米,体验米家激光投影电视【BB Time第204期】,191,19:51,1562119253
57530884,正片,,摄影,理光,拍妹子不再雨女无瓜_理光GR3【值不值得买第350期】,190,24:58:00,1562032832
57084262,其它,,广告,,TESTV夏运动相机视频大赛成绩揭晓！,190,6:14,1561697545
57005741,正片,,手机,一加,用了就回不去的手机?-OnePlus 7 Pro【值不值得买第349期】,95,19:03,1561687249
56903803,BBT,手机,开箱,索尼,Sony Xperia1开箱体验【BB Time第203期】,95,10:41,1561600823
56790344,BBT,机器人,开箱,大疆,大疆RoboMaster S1开箱体验【BB Time第202期】,191,8:32,1561514456
56732048,正片,3D打印机,外设,黑创,3D打印梦碎小姐姐？ 黑创SparkMaker FHD光固化3D打印机【值不值得买第348期】,98,18:39,1561428037
56237806,正片,除螨仪,居家,德尔玛,杀死你床上的敌人-德尔玛无线除螨仪【值不值得买第347期】,191,15:24,1561082417
56141620,BBT,运动相机,摄影,GoPro|大疆|索尼,GoPro Action RX0 II运动相机如何选？(下)【BB Time第201期】,190,22:26,1560996005
55944674,正片,,摄影,索尼,索尼RX0 II迷你黑卡2代相机值不值得买【值不值 得买第346期】,190,17:47,1560823256
55717781,BBT,,旅行,,TESTV拍银河为啥会失败【BB Time第200期】,21,21:36,1560650422
55504710,正片,运动相机,摄影,大疆,这个国产相机能赶超美国货？DJI OSMO ACTION【值不值得买第345期】,190,17:54,1560477634
55358425,BBT,运动相机,摄影,GoPro|大疆|索尼,GoPro Action RX0 II运动相机如何选？(中)【BB Time第199期】,190,9:36,1560391243
55206251,正片,VR,游戏,HTC,VR游戏真是太好玩啦_Vive Focus Plus【值不值得买第344期】,191,18:41,1560218419
54711077,正片,耳机,影音,Momentum,大厂的大馒头香吗?_MOMENTUM Wireless【值不值得买第343期】,191,13:50,1559872814
54666811,BBT,运动相机,摄影,GoPro|大疆|索尼,GoPro Action RX0 II运动相机如何选？(上)【BB Time第198期】,190,12:13,1559786456
54520570,正片,,软件,1Password,其实你的密码并不安全_1Password【值不值得买第342期】,191,14:29,1559617125
54089974,正片,耳机,影音,三星,安卓界的AirPods_Galaxy Buds【值不值得买第341期】,191,17:22,1559268043
53865193,BBT,手机|手环,开箱,一加|Keep,一加7 Pro与 Keep运动手环开箱体验【BB Time第197期】,95,11:51,1559095201
53819002,正片,音箱,影音,小米,小爱同学真有脸了_小米小爱触屏音箱【值不值得买第340期】,191,15:09,1559008801
53769324,其它,,联动,,片长警告！十万粉丝特别节目【B站摄影UP主图鉴】彩蜂摄影中国行VLOG,122,72:37:00,1558950491
53588357,BBT,重庆,旅行,,走！去重庆网红地打卡【BB Time第196期】,21,13:40,1558836026
53487839,BBT,电脑,装机,,3万块的电脑能玩什么游戏【BB Time第195期】,189,14:26,1558749644
53371129,正片,宠物喂食机,居家,小佩,宠物自动喂食器管用吗_小佩MINI宠物自动喂食器【值不值得买第339期】,75,11:52,1558663257
53178284,BBT,运动相机,开箱|摄影,大疆,大疆Osmo Action运动相机开箱体验【BB Time第194期】,190,11:34,1558490429
53122697,正片,词典,教育,卡西欧,外语考级必备神器？卡西欧电子辞典E-G300【值不值得买第338期】,191,12:44,1558404032
53057614,其它,,录播,,TESTV直播录播-直播牛肉争霸赛活动的抽奖,21,145:31:00,1558338866
52655222,正片,,电脑,一本,500元的笔记本值得买吗？_一本笔记本【值不值得买第337期】,189,13:41,1558058405
52500442,BBT,普吉,旅行,,编导&男朋友带你普吉浪【BB Time第193期】,21,25:24:00,1557885646
52394734,正片,饮水机,居家,小米,1秒就喝热水的饮水机_小米米家云米即热饮水吧1A【值不值得买第336期】,191,14:27,1557799259
51961991,正片,猫咪饮水机,居家,HomeRun,明人不说暗话 我们要水一期_HomeRun猫咪饮水机【值不值得买第335期】,191,13:10,1557453627
51742816,BBT,洗车桶,汽车,,PY君居然接私活了！【BB Time第192期】,191,13:28,1557280849
51685865,正片,打印机,外设,小米,打印的不仅是照片_米家照片打印机【值不值得买第334期】,191,11:59,1557194434
51237070,正片,,手机,华为,我的拍照很牛逼_华为P30Pro【值不值得买第333期】,95,17:39,1556848847
50980799,BBT,洗鞋机,开箱,,网红洗鞋机真的有用吗？【BB Time第191期】,191,11:06,1556762415
50965991,BBT,真人CS,运动,,TESTV-Wargame大作战【BB Time第190期】,163,19:06,1556676023
50888550,正片,蒸汽清洁机,居家,卡赫,一按就能喷射100度热气_卡赫蒸汽清洁机【值不值得买第332期】,191,10:19,1556589650
50453783,正片,耳机,影音,苹果,无处不在的耳机_AirPods2代【值不值得买第331期】,191,16:23,1556244018
50233470,BBT,,日常,,用车载充气泵清洁电子设备？真香！【BB Time第189期】,191,11:55,1556071255
50203997,正片,VR,游戏,Steam,Vive太贵，买这个也能玩SteamVR_NOLO CV1【值不值得买第330期】,191,12:56,1555984828
49817860,BBT,皮具,日常,,手工皮具DIY【BB Time第188期】,161,17:12,1555725652
49721699,正片,耳机,影音,Dyplay|1More,便宜好用的降噪耳机?(下)_dyplay ANC30和1More圈铁降噪耳机【值不值得买第329期】,191,16:12,1555639239
49488198,BBT,手机,开箱,华为,华为P30 Pro开箱体验【BB Time第187期】,95,9:24,1555466424
49456211,正片,滑板,户外,ACTON,品如色电动滑板_ACTON电动滑板【值不值得买第328期】,191,10:22,1555380008
49003325,正片,耳机,影音,Dyplay|漫步者,便宜好用的降噪耳机?(上)_dyplay城市旅行者和漫步者W828NB【值不值得买第327期】,191,15:23,1555034414
48834011,BBT,滑板,运动,,老板翘班去度假我们在家玩滑板【BB Time第186期】,21,19:42,1554861655
48756780,正片,擦窗机器人,居家,科沃斯,买这个窗户就能擦干净？科沃斯擦窗机器人【值不值得买第326期】,191,11:17,1554775229
48315169,正片,机器狗,玩具,布莱迪,男人、孩子和礼物(下)_布莱迪机器狗【值不值得买第325期】,191,17:31,1554429651
48195169,BBT,,旅行,,春游【BB Time第185期】,21,10:39,1554343229
48093045,BBT,炒菜机,美食,,自动炒菜机【BB Time第184期】,76,19:08,1554256813
48016294,正片,3D相机,摄影,Insta360,买它来拍3D小电影？Insta360 EVO【值不值得买第324期】,190,10:46,1554170458
47624409,正片,门锁|猫眼,居家,小米|鹿客,我是一道没得感情的门_鹿客智能猫眼青春版与米家智能门锁_【值不值得买第323期】,191,12:01,1553824802
47447258,BBT,郑州,见面会,,TESTV郑州铁丝见面会【BB Time第183期】,21,23:44,1553652022
47365346,正片,复古相机,摄影,宝丽莱,用这个相机会吸引小姐姐_宝丽来OneStep+【值不值得买第322期】,190,12:38,1553565610
46951498,正片,保温杯,日用,小水怪,男人、孩子和礼物(上)_小水怪智能随行杯G5【值不值得买第321期】,191,16:28,1553220048
46749556,BBT,小面,美食,,TESTV重庆小面你打几分【BB Time第182期】,76,16:02,1553047229
46699629,正片,镜头,摄影,MOMENT,超便宜的拍电影方案_MOMENT手机附加镜头【值不值得买第320期】,190,18:11,1552960820
46293898,正片,,手机,三星,你比我贵，但是不代表我完败（下）_三星S10+【值不值得买第319期】,95,18:38,1552615255
46125249,BBT,镜头,开箱,MOMENT,3000多元的手机附加镜能拍什么_Moment【BB Time第181期】,95,14:01,1552442456
46033537,正片,,摄影,索尼,Sony也有性价比？Sony α6400【值不值得买第318期】,190,14:53,1552356058
45961841,BBT,汽车,汽车,特斯拉,特斯拉Model S 1600公里长途挑战【BB Time第180期】,176,22:07,1552269121
45702365,BBT,汽车,汽车,特斯拉,体验特斯拉Model 3【BB Time第179期】,176,28:06:00,1552096856
45599980,正片,,手机,小米,你比我贵，但是不代表我完败(上)_小米9【值不值得买第317期】,95,14:09,1552010411
45469775,BBT,台灯,开箱,,99元DIY廉价版ScreenBar显示器台灯【BB Time第178期】,161,14:50,1551837614
45389732,正片,门锁,居家,小米,买了锁想换门_米家智能门锁_【值不值得买第316期】,191,12:52,1551751216
45014946,BBT,手机,开箱,小米|三星,小米9 三星S10+开箱初体验【BB Time第177期】,95,11:32,1551492041
44973896,正片,,电脑,台电,1000块的笔记本比Surface还好用？_台电Tbook 10s笔记本电脑【值不值得买第315期】,95,14:01,1551405603
44748715,BBT,鱼缸,日常,,废旧鱼缸改草缸【BB Time第176期】,161,11:50,1551232857
44712933,正片,键鼠,外设,木蝎,M16吃鸡比M4连发还快？木蝎手游键鼠【值不值得买第314期】,191,10:39,1551146455
44330432,正片,打印机,外设,PAPERANG,开学上分利器_PAPERANG喵喵机二代【值不值得买第313期】,191,15:05,1550800859
44118373,BBT,广州,旅行,,老板广州行【BB Time第175期】,21,15:24,1550628052
44059451,BBT,春节,节日,,TESTV如何过春节【BB Time第174期】,21,13:05,1550577617
44027765,正片,掌机,游戏,GPD,重新定义手游玩法？GPD安卓游戏机【值不值得买第312期】,191,13:41,1550541630
43601898,正片,,摄影,富士,腹肌南波湾？才怪_FUJIFILM XF10【值不值得买第311期】,190,16:13,1550196008
43260419,正片,机器人,玩具,Vector,有感情的机器人_Vector【值不值得买第310期】,191,17:35,1549936859
42256532,正片,后视镜,汽车,小米,普通汽车玩智能_米家智能后视镜【值不值得买第309期】,191,16:28,1549591242
42233178,BBT,,装机,,一招变快老电脑【BB Time第173期】,189,11:28,1549418414
42196835,其它,,回顾,,TESTV 2018年度大回顾,191,22:02,1549332039
42062094,BBT,饮水机,日常,,省水大改造【BB Time第172期】,21,16:56,1548813618
42031606,正片,方向盘,游戏,图马斯特,老司机带带我_图马斯特T300法拉利版方向盘【值不值得买第308期】,191,10:01,1548986400
41982410,正片,耳机,影音,海威特|索爱|疯米|魔浪|Sanag|漫步者|京造|山水|魔宴|兴戈|小哞|艾比奥|ERL|QCY|派美特,平价真无线耳机们到底好用不好用【值不值得买第307期】,191,13:23,1548727204
41761079,其它,,录播,,20190125直播录播,21,211:53:00,1548554419
41604703,正片,耳机,影音,微软,这是你从未见过的微软_Surface Headphones【值不值得买第306期】,191,16:10,1548381606
41435102,BBT,小龙虾,旅行,,TESTV逮虾户【BB Time第171期】,191,22:03,1548208812
41319173,正片,魔方,玩具,计客,这个魔方它能教你学魔方_计客超级魔方【值不值得买第305期】,191,15:11,1548122425
41199057,其它,,录播,,20190118直播录播,21,222:11:00,1547963441
41036554,BBT,女仆咖啡厅,旅行,,带上OSMO POCKET去拍女仆咖啡厅【BB Time第170期】,21,17:12,1547863202
40969166,正片,,摄影,大疆,这个大疆一点也不大_DJI OSMO POCKET【值不值得买第304期】,190,8:45,1547776853
40829586,BBT,椅子,开箱,,人体工程学椅开箱体验【BB Time第169期】,191,14:45,1547604029
40752618,正片,跑步机,居家,咕咚x小乔,跑步机成精了_咕咚x小乔跑步机【值不值得买第303期】,191,12:06,1547517649
40614787,其它,,录播,,20190111直播录播,21,208:24:00,1547353219
40419540,正片,耳机,影音,Momentum,追求音质的分体式蓝牙耳机_森海塞尔Momentum True Wireless【值不值得买第302期】,191,15:20,1547172021
40245904,BBT,汽车,汽车,法拉利,5000块钱竟能买法拉利？！真香！【BB Time第168期】,191,13:24,1546999201
40189124,正片,电暖器,居家,智米|乐秀|格力,凛冬将至_电暖器体验【值不值得买第301期】,191,11:58,1546912812
40134400,其它,,录播,,20190104直播录播,21,199:34:00,1546835732
39859420,正片,,手机,谷歌,在内地不好用的好手机_Google Pixel3&Pixel 3XL【值不值得买第300期】,95,17:16,1546567209
39769381,BBT,登高,旅行|节日|运动,,2019元旦登高【BB Time第167期】,21,10:33,1546480835
39613344,正片,阅读器,电子纸,掌阅,这张纸竟然要加热_掌阅iReader Smart_《值不值得买》第299期,95,12:16,1546308009
39455691,其它,,录播,,20181228直播录播1,21,190:46:00,1546221641
39251634,BBT,刨猪汤,美食,,BB Time第166期：TESTV的解忧“刨猪汤”,76,9:45,1546221641
39178654,正片,音箱,影音,索尼,《值不值得买》第298期：不想搞灯的音响不是好音响__Sony LSPX-S1晶雅音管,191,17:03,1545962401
39015298,BBT,车机,汽车,苹果|小米,BB Time第165期：汽车加装智能车载系统_CarPlay还是小米？,189,22:39,1545789646
38934401,正片,阅读器,电子纸,Kindle,《值不值得买》第297期：错觉人生_Kindle Paperwhite 4,191,10:18,1545703253
38621752,正片,录音笔,影音,森海塞尔,《值不值得买》第296期：手机拍片录音神器_森海塞尔 Memory Mic,95,13:18,1545357619
38475994,BBT,运动相机,开箱|摄影,大疆,BB Time第164期：OSMO Pocket开箱体验,190,11:24,1545184819
38426232,正片,,手机,努比亚,《值不值得买》第295期：超越全面屏的力量_努比亚X,95,16:33,1545101994
38089560,正片,,手机,多亲,《值不值得买》第294期：不实在的功能机_多亲AI电话,191,9:01,1544752806
37958353,BBT,耳机,开箱,,BB Time第163期：好大一堆分体式蓝牙耳机开箱,191,15:53,1544580040
37871095,正片,拖把|垃圾桶,居家,洒哇地咔|拓牛,《值不值得买》第293期：这拖把竟然能充电_电动拖把和智能垃圾桶,191,13:32,1544493615
37553552,正片,,手机,索尼,《值不值得买》第292期：做有个性的手机_索尼 Xperia XZ3和XZ2P,95,16:49,1544148002
37435014,BBT,手机,开箱,华为,BB Time第162期：华为Mate 20 Pro无线反向充电测试,95,11:56,1543975256
37357850,正片,,平板,苹果,《值不值得买》第291期：2018新iPad Pro真的值得买吗?,95,14:54,1543888805
37012568,正片,,手机,小米,《值不值得买》第290期：这是你从没见过的小米手机_小米MIX3,95,15:54,1543543249
36893242,BBT,马拉松,运动,,BB Time第161期：TESTV参加马拉松赛,21,14:39,1543370420
36822294,正片,VR,游戏,联想,《值不值得买》第289期：我竟然成了星战绝地武士_联想Mirage AR,189,10:48,1543284034
36530774,正片,耳机,影音,Bose,《值不值得买》第288期：Bose noise-masking sleepbuds睡眠耳塞,95,11:58,1542938458
36407794,BBT,手机,日常,苹果,BB Time第160期：氦气真的会破坏新款iPhone设备么？,95,12:21,1542765634
36328693,正片,,手机,华为,《值不值得买》第287期：天冷，浴霸更好用哦__华为Mate 20 Pro,95,15:39,1542679259
36190973,其它,,录播,,TESTV-双11直播录播第11天,21,851:37:00,1542506428
36020786,正片,全景相机,摄影,Insta360,《值不值得买》第286期：全景相机还能这么玩？_Insta360 ONE X,190,14:59,1542333617
35904355,BBT,手机,开箱,小米|努比亚|索尼,BB Time第159期：热门手机开箱_小米MIX3 索尼Xperia XZ3 努比亚X,95,24:10:00,1542160822
35882922,其它,,录播,,TESTV-双11直播录播第10天,21,259:35:00,1542420028
35880672,其它,,录播,,TESTV-双11直播录播第9天,21,137:20:00,1542247220
35866687,正片,手表,穿戴,苹果,《值不值得买》第285期：大天才电话手表_Apple Watch Series 4,191,13:24,1542075730
35704348,其它,,录播,,TESTV-双11直播录播第6天,21,114:55:00,1541901630
35699264,其它,,录播,,TESTV-双11直播录播第8天,21,127:04:00,1541988026
35580275,正片,运动相机,摄影,GoPro,《值不值得买》第284期：和稳定器说再见_GoPro Hero 7 Black,190,14:16,1541728827
35388343,其它,,录播,,TESTV-双11直播录播第5天,21,131:14:00,1541556052
35388281,BBT,手机|手表,开箱,华为|苹果,BB Time第158期：Apple Watch 4与华为Mate20 Pro开箱,95,11:16,1541556052
35380280,正片,,摄影,富士,《值不值得买》第283期：真，腹肌南波湾_富士X-T3,190,13:45,1541469608
35335486,其它,,录播,,TESTV-双11直播录播第4天,21,132:05:00,1541469608
35273930,其它,,录播,,TESTV-双11直播录播第3天,21,129:12:00,1541383224
35216724,其它,,录播,,TESTV-双11直播录播第2天,21,121:51:00,1541296835
35140942,其它,,录播,,TESTV-双11直播录播第1天,21,130:46:00,1541210424
35101586,正片,,手机,苹果,《值不值得买》第282期：想说爱你不容易_iPhone XR,95,17:03,1541125124
35031547,BBT,手机,开箱,苹果,BB Time第157期：黄色iPhone XR开箱,95,8:32,1541037615
34956269,BBT,手机,日常,苹果,BB Time第156期：TESTV高空iPhone XS Max跌落测试,95,14:42,1540951214
34897739,正片,耳机,影音,索尼,《值不值得买》第281期：看什么疗效买就对了_Sony 1000XM3,190,14:54,1540864829
34578515,正片,投影仪,影音,极米,《值不值得买》第280期：窝在家里唱抖音神曲_极米KK投影仪KTV,95,11:54,1540519253
34478492,BBT,钢铁侠反应炉,日常,,BB Time第155期：送你一个钢铁侠方舟反应炉,95,10:08,1540346429
34442510,正片,,手机,苹果,《值不值得买》第279期：十年果粉，一朝劝退-iPhone Xs Max,95,12:43,1540280959
34181053,BBT,烧烤,美食,,BB Time第154期：TESTV烧烤王大比拼,76,20:54,1540000816
34123483,正片,,电脑,微软,《值不值得买》第278期：如何用微软办公生活,189,17:17,1539914404
33917932,正片,耳机,影音,索尼,《值不值得买》第277期：不用来听歌的蓝牙耳机_SONY Xperia Ear Duo,191,16:25,1539655226
33626646,正片,眼镜,穿戴,MAD GAZE,《值不值得买》第276期：超低价格买“Google眼镜”_MAD GAZE X5,191,12:25,1539309656
33459778,正片,,外设,微软|苹果,《值不值得买》第275期：微软和苹果的键鼠——人体工学键盘套件和妙控三件套,95,12:56,1539051635
33073866,正片,,电脑,微软,《值不值得买》第274期：这么便宜的Surface值得买吗？_Surface Go,189,14:11,1538704852
32964250,BBT,重庆,旅行,,BB Time第153期：三傻租车游重庆,21,17:31,1538618416
32958822,BBT,,节日,,BB Time第152期：欢度国庆,21,9:36,1538532036
32883001,正片,音箱,影音,布鲁斯|海顿,《值不值得买》第273期：承包你的复古style—山进布鲁斯&海顿收音机,191,14:18,1538445657
32583255,正片,锅|烧水壶,居家,,《值不值得买》第272期：这是吃重庆火锅的神器？_折叠水壶和锅,95,13:01,1538100020
32533645,BBT,,旅行,谷歌,BB Time第151期：谷歌的马卡龙真好吃,189,10:36,1538013627
32423156,正片,药盒,居家,MEMO,《值不值得买》第271期：吃药是不可能的_MEMO智能药盒,191,7:29,1537840826
32177954,BBT,手机,日常,苹果,BB Time第150期：我把iPhone Xs Max砸了,95,8:41,1537581623
32095198,正片,,手机,魅族,《值不值得买》第270期：我的性价比比你高_魅族16th 下,95,12:37,1537495204
31978396,BBT,相机,摄影,索尼,BB Time第149期：黑卡6到底是不是vlog强机？,190,18:18,1537322457
31951028,正片,眼部按摩仪,日用,,《值不值得买》第269期：眼部按摩仪_护眼宝,95,11:14,1537236005
31654084,正片,,摄影,索尼,《值不值得买》第268期：新人UP主买这个就好啦_Sony黑卡6,190,14:02,1536890409
31555327,BBT,露营,旅行,,BB Time第148期：新手露营野外过夜必带装备（菜鸟版）,21,19:25,1536717657
31493853,正片,,手机,小米,《值不值得买》第267期：我的性价比比你高_小米8 上,95,13:11,1536631220
31287634,正片,,电脑,苹果,《值不值得买》第266期：Apple三件套体验_苹果全家桶,95,15:30,1536334875
31087321,BBT,手机|音箱,开箱,魅族|Gravity,BB Time第147期：魅族 16th手机与Gravity悬浮音响,95,12:48,1536112806
31054628,正片,车载冰箱,汽车,英得尔,《值不值得买》第265期：让你走出办公室的车载冰箱——英得尔T20车载冰箱,95,13:45,1536026426
30730991,正片,平衡车,户外,Segway,《值不值得买》第264期：这是你从没见过的“鞋子”_Segway平衡轮-B站,95,11:33,1535680824
30666275,BBT,车载冰箱,旅行,,BB Time第146期：带上车载冰箱去野外煮重庆火锅,21,19:44,1535594435
30496592,正片,耳机,影音,QCY|先锋|魅族,《值不值得买》第263期：比AirPods便宜还好用？__QCY T1、先锋、魅族POP蓝牙分体耳机,95,17:14,1535421623
30134858,正片,搅拌杯|榨汁杯,居家,九阳|SKG,《值不值得买》第262期：便宜好用的搅拌杯_九阳L3-C1和SKG迷你榨汁杯,95,16:36,1535076006
30048070,BBT,手机,日常,Vivo,BB Time第145期：vivo NEX摄像头弹出5万次后将会发生什么？,95,9:29,1534989618
29983904,BBT,,幕后,,BB Time第144期：配音间大改造,21,15:15,1534903220
29860246,正片,,摄影,谷歌,《值不值得买》第261期：男朋友相机_GoogleClips & 小默相机,189,15:13,1534816837
29558629,正片,,平板,小米,《值不值得买》第260期：单手看片神器_小米平板4,95,10:19,1534471225
29470173,BBT,相机|平板|平衡车|滑板,开箱,小米|小默|大非|Segway,BB Time第143期：这次开了四个箱,95,16:22,1534384838
29290885,正片,手表,穿戴,索尼,《值不值得买》第259期：一块只看表带的手表_Sony FES Watch U,191,13:48,1534212001
28969737,正片,手表,穿戴,佳明,《值不值得买》第258期：佳明Fenix 5 Plus,191,11:36,1533867030
28882289,BBT,洗碗机,美食|日常,,BB Time第142期：火锅3.0与洗碗机的填坑,95,13:27,1533780048
28706525,正片,,手机,Vivo|OPPO,《值不值得买》第257期：不跟风，才更有意思__vivo NEX和OPPO Find X,95,16:52,1533607235
28395539,正片,阅读器,电子纸,索尼,《值不值得买》第256期：一张贵得离谱的SONY纸_DPT-RP1电子纸,190,15:19,1533261786
28220306,BBT,,旅行,,BB Time第141期：避暑胜地_贵阳,21,20:22,1533088852
28129503,正片,颈部空调,穿戴,G2T,《值不值得买》第255期：对抗火炉的神器_G2T N1 Plus 颈部空调,95,13:41,1533003270
27827814,正片,洗碗机,居家,九阳,《值不值得买》第254期：解放男同志的双手_九阳miniX6洗碗机,95,14:06,1532656832
27742384,BBT,,日常,,BB Time第140期：无障碍科技,95,23:07,1532570419
27584607,正片,,手机,HTC,《值不值得买》第253期：手机界的难兄难弟(下集)_HTC U12+,95,15:08,1532397659
27258198,正片,,手机,索尼,《值不值得买》第252期：手机界的难兄难弟(上集)_SONY XZ2,95,14:56,1532052011
27108622,BBT,手机,开箱,Vivo|OPPO,BB Time第139期：OPPO Find X 和vivoNEX开箱体验,95,16:32,1531879258
27025099,正片,咖啡机,居家,小米,《值不值得买》第251期：年轻人的第一台咖啡机_米家心想智能胶囊咖啡机,191,13:03,1531792812
26735113,正片,,平板,苹果,《值不值得买》第250期：2018款iPad真的值得买吗,95,15:08,1531447233
26570973,BBT,,摄影,,BB Time第138期：用它在夜空里作画_光绘棒,95,13:19,1531274428
26492388,正片,制冷杯,日用,Cupcooler,《值不值得买》第249期：肥宅快乐杯_Cupcooler制冷杯,95,13:22,1531188036
26232668,正片,VR,游戏,HTC,《值不值得买》第248期：到更大的舞台玩游戏_VIVE Focus,95,17:27,1530842449
26078124,BBT,,摄影|幕后,,BB Time第137期：这是一个教程，纯，教程,95,11:59,1530669652
26008747,正片,滑板,户外,SPECTRA,《值不值得买》第247期：这是你离柯南最近的一次_SPECTRA,95,13:39,1530583207
25776484,正片,VR,影音,嗨镜,《值不值得买》第246期：电影迷的最终幻想_嗨镜H2,191,19:45,1530237635
25663229,BBT,天津,旅行,,BB Time第136期：天津之行,21,18:19,1530065747
25352494,正片,电动牙刷,日用,飞利浦,《值不值得买》第245期：刷牙也能刷出新境界_飞利浦电动牙刷,190,18:47,1529632804
25329892,BBT,耳机,开箱,,BB Time第135期：HiFi耳塞入坑指南_下,191,14:29,1529636413
25292220,BBT,耳机,开箱,,BB Time第134期：HiFi耳塞入坑指南_上,191,16:39,1529546416
25168978,正片,,手机,小米,《值不值得买》第244期：你为什么还没换小米手机_小米MIX2S,95,9:45,1529373607
24866156,正片,,游戏,任天堂,《值不值得买》第243期：硬盒游戏_任天堂LABO,95,15:41,1529028005
24720750,BBT,手机,开箱,小米,BB Time第133期：小米手机8开箱以及公关君的小姐姐们,95,13:28,1528768823
24519691,正片,,日用,有品,《值不值得买》第242期：99元打造品味生活_7件有品产品,189,12:13,1528423238
24433590,BBT,泰国,旅行,,BB Time第132期：老板的泰国囧途,21,17:01,1528250417
24382016,正片,稳定器,摄影,智云,《值不值得买》第241期：拍女朋友需要什么_智云Smooth 4,95,14:10,1528164023
24211449,正片,耳机|音箱,影音,Bose,《值不值得买》第240期：耳机和音响的融合_BOSE SoundWear,191,21:11,1527818451
24083383,BBT,相机|手机,开箱,华为|索尼,BB Time第131期：华为P20 Pro遇上a7r3与下一代的TNT,95,20:21,1527559247
23884969,正片,投影仪,影音,极米,《值不值得买》第239期：灯全部熄灭的时刻_极米Z6投影仪,189,12:10,1527213628
23804561,BBT,西安,见面会,,BB Time第130期：西安铁丝见面会,21,24:38:00,1527040848
23554670,正片,,手机,华为,《值不值得买》第238期：让你爱上拍照的手机_华为P20 Pro,95,19:57,1526608842
23428200,BBT,,旅行,,BB Time第129期：男后期有恐高症,190,19:30,1526349650
23255100,正片,,摄影,富士,《值不值得买》第237期：专业相机与小白的旅程_富士X-H1,190,11:22,1526004039
23140061,BBT,手机|音箱,开箱,小米|腾讯|索尼,BB Time第128期：小米MIX2s 腾讯听听 SonyXZ2开箱体验,95,17:43,1525744842
22975880,BBT,云南,旅行,,BB Time第127期：女后妻和四个男人共处一室,21,17:25,1525485620
22924514,正片,稳定器,摄影,大疆,《值不值得买》第236期：DJI最便宜的产品_OSMO MOBILE 2,190,12:59,1525399251
22786446,BBT,相机|镜头|手机,开箱|摄影,华为|索尼,BB Time第126期：欢乐的华为P20 Pro开箱与G大师镜头体验,95,21:50,1525140024
22579130,正片,,摄影,索尼,《值不值得买》第235期：我和α7的日子_SONY α7r3,190,20:52,1524794405
22420999,BBT,吃鸡|外设,游戏,,BB Time第125期：TESTV公然用“外挂”吃鸡,172,24:59:00,1524535252
22317386,正片,音箱,影音,苹果,《值不值得买》第234期：不看疗效看广告——苹果HomePod,95,10:53,1524189613
22197297,BBT,F1,运动,,BB Time第124期：老板赞助F1大奖赛,21,18:35,1523930402
22106588,BBT,手机|摄影包,开箱,三星,BB Time第123期：你知道S9拍视频有多好看么——超好用的国家地理摄影包,95,15:14,1523757628
21996720,正片,,摄影,富士,《值不值得买》第233期：走，去扫街——富士instax SQ10和SP-3,190,16:42,1523584845
21891682,BBT,行李箱,旅行,COWAROBOT,BB Time第122期：会自己走的拉杆行李箱——COWAROBOT R1,191,12:33,1523325637
21705728,正片,,手机,三星,《值不值得买》第232期：我的夜晚没人是我的对手——三星s9/s9+,95,16:54,1522980058
21658224,BBT,蚂蚱,美食,,BB Time第121期：油炸蚂蚱你敢吃吗？,76,11:15,1523066444
21633518,BBT,唱歌,日常,,BB Time第120期：女后妻唱等你下课,21,9:20,1522893632
21557909,BBT,相机,摄影,松下,BB Time第119期：色影师的GH5拍摄小技巧,190,13:41,1522720847
21393286,正片,,电脑,中柏,《值不值得买》第231期：「真」千元笔记本,189,13:10,1522375241
21318729,BBT,音箱|投影仪,开箱,索尼|苹果,BB Time第118期：苹果索尼黑科技 ——HomePod与Xperia Touch开箱体验,95,18:43,1522202440
21104238,正片,,玩具,POWER UP FPV,《值不值得买》第230期：一个玩了会上瘾的纸飞机——POWER UP FPV,95,23:02,1521770436
21056711,BBT,玩具飞机,旅行,POWER UP FPV,BB Time第117期：这次没把车钥匙锁在车里了,21,10:47,1521684059
20990560,BBT,手机,开箱,三星,BB Time第116期：三星 Galaxy S9/S9+开箱体验,95,10:39,1521511245
20910063,BBT,重庆,旅行,,BB Time第115期：徐大哥的重庆之旅下,21,20:18,1521338448
20863955,BBT,重庆,旅行,,BB Time第114期：徐大哥的重庆之旅上,21,20:35,1521256969
20695934,正片,,玩具,Parrot,《值不值得买》第229期：第一次体验挂载武器的无人机——Parrot Mambo,190,11:59,1520906452
20525400,正片,键盘,外设,绿巨能|微软|航世,《值不值得买》第228期：旅行作家的必备武器？——折叠键盘行不行,189,9:15,1520560801
20421670,正片,打印机,外设,惠普|柯达,《值不值得买》第227期：心灵旅行必备打印机,189,14:16,1520301651
20325982,BBT,北京,旅行,,BB Time第113期：我们去北京领了这个奖,21,9:49,1520128850
20242858,正片,玩具车,玩具,闪电麦昆,《值不值得买》第226期：TESTV第一次做车评——闪电麦昆,95,10:25,1519956052
20104819,正片,音箱,影音,渡鸦,《值不值得买》第225期：模块化的智能音箱——渡鸦智能音箱,191,12:36,1519696830
19783661,正片,灯,居家,小米,《值不值得买》第224期：小米家的灯,95,7:44,1519351224
19780884,正片,充电宝,日用,Anker|第一卫|紫米|Mophie,《值不值得买》第223期：充电宝大比拼,95,6:10,1519092026
19573086,其它,,联动,,女后妻相亲记,85,47:29:00,1518746440
19514455,其它,,回顾,,TESTV 2017年度回顾盛典,95,15:45,1518487228
19301234,正片,手表,穿戴,佳明,《值不值得买》第222期：当不运动的人戴上了运动手表——佳明手表,95,13:18,1518141603
19201026,正片,机器人,玩具,Cozmo,《值不值得买》第221期：养宠物不如养个人工智能——Cozmo机器人,191,12:23,1517882416
19163944,其它,,录播,,TESTV直播｜“有板有演”第四期（录播版）,21,111:22:00,1517844221
19095088,其它,,录播,,TESTV直播｜“有板有演”第三期（录播版）,21,102:38:00,1517663137
19026708,正片,扫地机器人,居家,小米|海尔|科沃斯,《值不值得买》第220期：躺着也能把地扫干净了？——千元扫地机器人大比拼,189,16:32,1517536816
18906478,正片,净水器,居家,碧然德,《值不值得买》第219期：让你爱上喝水的神器——碧然德即热净水吧,191,13:43,1517277287
18733700,正片,空气净化器,居家,小米|352|畅呼吸,《值不值得买》第218期：帮你选空气净化器,95,10:39,1516932058
18626501,其它,,录播,,TESTV直播｜《有板有演》第二期（录播版）,21,99:20:00,1516681229
18623936,正片,电磁炉,居家,小米,《值不值得买》第217期：老年人的最后一台电磁炉——米家电磁炉,76,14:04,1516675125
18459649,正片,书写,电子纸,reMarkable,《值不值得买》第216期：超越纸的存在？——reMarkable,95,14:28,1516327249
18357321,正片,全景相机,摄影,Rylo,《值不值得买》第215期：Rylo一部便宜点的GoPro全景相机,190,17:52,1516068003
18284515,其它,,录播,,TESTV直播｜《有板有演》第1期（录播版）,21,108:20:00,1515895230
18211445,正片,,电脑,小米,《值不值得买》第214期：MacBook Pro的孪生兄弟——小米笔记本Pro...,189,10:53,1515722435
18114872,正片,,居家,,《值不值得买》第213期：女后妻小厨娘——厨房神器套装,76,14:05,1515463200
18050525,BBT,健走,旅行|运动,,BB Time第112期：TESTV元旦健走大比拼,21,30:36:00,1515290758
17974105,正片,音箱,影音,索尼,《值不值得买》第212期：三年前大法的黑科技——SONY时间收音机,190,14:24,1515117644
17942739,BBT,广州,见面会,,BB Time第111期：广州铁丝见面会—— 人山人海,21,20:41,1515031259
17912185,BBT,广州,旅行,,BB Time第110期：广州之行（上）,21,13:25,1514944814
17863182,正片,稳定器,摄影,云鹤|魔爪,《值不值得买》第211期：轻如鸿毛，稳如后期——云鹤2和魔爪AirCross,190,12:28,1514858434
17749729,BBT,,节日,,BB Time第109期：TESTV 万元大红包来袭，别错过！,21,13:57,1514685614
17717914,正片,,电脑,Eve V,《值不值得买》第210期：听说它是Surface Pro杀手——Eve V,189,12:23,1514512815
17625840,正片,显微镜,摄影,Kenko,《值不值得买》第209期：120倍镜握在手，谁先吃鸡谁是狗——Kenko微型显微镜,95,11:38,1514253631
17481860,BBT,电脑,开箱,小米,BB Time第108期：这才是生产力笔记本——小米笔记本 Pro,95,11:22,1514080838
17473142,正片,,手机,坚果,《值不值得买》第208期：便宜好用的安卓版iPhone X——坚果Pro2,95,17:41,1513908039
17402281,正片,背包,穿戴,Incase|Cocoon,《值不值得买》第207期：TESTV帮你选直男背包——Incase和Cocoon背包,95,15:05,1513648858
17318135,BBT,灯,开箱,,BB Time第107期：办公室终于有灯了,21,6:02,1513476029
17256438,正片,书写,电子纸,Moleskine|Wacom,《值不值得买》第206期：上千元的笔记本——Moleskine & Wacom,189,16:51,1513303241
17176715,正片,投影仪,影音,微麦,《值不值得买》第205期：超级英雄投影侠——微麦M100投影仪,95,12:54,1513044016
17074012,BBT,音箱,汽车,,BB Time第106期：汽车变身移动KTV,21,10:53,1512871248
17031481,正片,,手机,华为,《值不值得买》第204期：它拍出来的照片有毒——华为Mate10Pro,95,18:26,1512698412
16946347,正片,NAS,外设,群晖,《值不值得买》第203期：摄影师的好助手——Synology Moments,190,15:58,1512439216
16882907,BBT,杭州,见面会,,BB Time第105期：TESTV游西湖——杭州铁丝见面会,21,17:44,1512266423
16814151,正片,,手机,苹果,《值不值得买》第202期：你从未体验过如此的iPhone——iPhone X,95,16:52,1512093602
16735124,正片,运动相机,摄影,索尼|GoPro,《值不值得买》第201期：上帝视角——Sony RX0和GoPro Hero 6,190,21:06,1511834434
16657742,BBT,南京,见面会,,BB Time第104期：TESTV挑战毛鸡蛋——南京铁丝见面会,21,16:18,1511661631
16611150,正片,耳机,影音,索尼,《值不值得买》第200期：今年我第二喜欢的耳机——Sony WI-1000X,190,18:22,1511487901
16508007,正片,手表|电子秤,穿戴,诺基亚,《值不值得买》第199期：不卖手环的手机公司？不存在的——诺基亚GO和诺基亚秤,95,10:30,1511229631
16394180,正片,耳机,影音,索尼|苹果,《值不值得买》第198期：谁才是优秀的分体式蓝牙耳机——降噪豆 VS AirPods,191,14:29,1510884019
16309135,正片,手环,穿戴,Amazfit,《值不值得买》第197期：请给我一个买手环的理由——Amazfit米动手环,191,12:34,1510624814
16236532,BBT,越南,旅行,,BB Time第103期：色影师的越南之旅,190,17:26,1510452042
16196447,BBT,手机,开箱,坚果,BB Time第102期: 两个假锤粉翻车现场——坚果Pro 2开箱,95,12:45,1510365643
16176384,正片,音箱,影音,小米,《值不值得买》第196期：你以为它是空气净化器，其实她是你的女朋友——小AI智能音箱,95,16:39,1510279241
16091470,正片,复古相机,摄影,宝丽莱,《值不值得买》第195期：高颜值“玩具”相机——宝丽来Snaptouch,190,12:20,1510020025
16033380,BBT,手机,开箱,苹果,BB Time第101期：购买iPhone X 的一天,95,22:52,1509847532
15962725,正片,画板,玩具,BoogieBoard,《值不值得买》第194期：不写字的人买了也没用—BoogieBoard BlackBoard,95,20:28,1509674423
15881880,正片,音箱,影音,Bose,《值不值得买》第193期：带着“保温瓶”出街尬舞——BOSE SoundLink Revolve,191,15:57,1509415247
15821753,BBT,火锅,美食,海底捞,BB Time第一百期：海底捞火锅 VS testv火锅,21,15:25,1509242412
15746275,正片,,手机,三星,《值不值得买》第192期：不会爆炸的三星手机——三星Note 8,95,18:54,1509069615
15662026,正片,音箱,影音,Bose,《值不值得买》第191期：“老年人”的遛弯神器——Bose SoundLink Micro,191,12:56,1508810411
15611944,BBT,火锅,美食,,BB Time第九十九期：8款方便火锅大比拼,76,10:04,1508637654
15540980,正片,,手机,小米,《值不值得买》第190期：加油！你是最美的——小米Mix2,95,14:10,1508464808
15457475,正片,全景相机,摄影,Insta360|小米,《值不值得买》第189期：还想买全景相机吗——Insta360 ONE&米家全景相机,189,11:14,1508205609
15388064,BBT,云南,旅行|美食,,BB Time第九十八期：群演带你到云南吃喝玩乐,76,16:14,1507996813
15338265,正片,,手机,诺基亚,《值不值得买》第188期：一部手机引出的黑历史——诺基亚3310,95,14:18,1507860047
15247758,正片,,手机,索尼,《值不值得买》第187期：让我们守护姨夫的微笑——Sony Xperia XZ Premium,95,14:08,1507600828
14915717,正片,,手机,苹果,《值不值得买》第186期：别买iPhone 8／8 Plus,95,13:01,1507255247
14898806,正片,耳机,影音,小米,《值不值得买》第185期：音质什么的不重要——小米蓝牙运动耳机,189,10:50,1506996039
14876139,正片,音箱,影音,天猫精灵,《值不值得买》第184期：触摸未来很艰难——天猫精灵,191,17:44,1506650442
14825965,BBT,手机,开箱,苹果,BB Time第九十七期：买iPhone 8的一天,95,11:44,1506477606
14796807,正片,手表,外设,三星,《值不值得买》第183期：三星豪华套餐——DeX & Gear S3,95,13:45,1506391219
14779304,BBT,发布会,旅行,群晖,BB Time第九十六期：三分钟看完Synology 2017新品发布会,95,4:45,1506304992
14728822,BBT,上海,见面会,,BB Time第九十五期：TESTV上海之行（下）——上海铁丝见面会,21,10:57,1506218445
14705064,BBT,上海,旅行,,BB Time第九十四期：TESTV的上海之行（上）,76,17:45,1506132047
14664615,正片,,电脑,微软,《值不值得买》第182期：苏菲弹力贴身——New Surface Pro,95,16:29,1506045646
14599727,正片,,摄影,小米|飞萤,《值不值得买》第181期：这么便宜的相机给我来一打——米家小相机和飞萤8S,189,14:00,1505789658
14534371,BBT,北京|豆汁,旅行|美食,,BB Time第九十三期：两个外地小伙儿跑到北京喝豆汁儿,21,11:23,1505613654
14466638,正片,,手机,苹果,《值不值得买》第180期：iPhone X 苹果并不想让你知道的事,95,11:36,1505440856
14389347,正片,机器人,玩具,PAMKUU,《值不值得买》第179期：最适合练习骚话的玩具——PAMKUU机器人,95,15:05,1505181645
14325869,BBT,电脑,开箱,微软,BB Time第九十二期：New Surface Pro开箱,189,8:29,1505008859
14253946,正片,耳机,影音,艾利和|Michelle,《值不值得买》第178期：True Music——艾利和AK70&Michelle,191,16:15,1504836009
14177612,正片,全景相机,摄影,Insta360,《值不值得买》第177期：旋转 跳跃 拍小姐姐——Insta360 Nano全景相机,190,19:49,1504576846
14110625,BBT,武汉,见面会,,BB Time第九十一期：公关君的艳遇——武汉铁丝见面会,21,17:13,1504404048
14043311,正片,,手机,魅族,《值不值得买》第176期：治“痔疮”用魅族Pro7,95,15:41,1504231232
13922363,正片,硬盘,外设,西数,《值不值得买》第175期：TESTV帮你挑移动硬盘,189,12:06,1503972023
13772359,正片,,摄影,富士,《值不值得买》第174期：七夕最适合送女♂朋友的相机-XT20,190,15:11,1503626402
13731367,BBT,,开箱,,BB Time第九十期：佳能M5,190,12:07,1503540057
13642953,正片,,手机,夏普,《值不值得买》第173期：女后妻有美人尖——夏普AQUOS S2,95,10:37,1503367245
13566420,BBT,手机,开箱,诺基亚,BB Time第八十九期：老年人的情怀机 诺基亚3310,95,8:50,1503194429
13521914,BBT,相机,摄影,松下,BB Time第八十八期：GH5,190,16:31,1503108024
13481709,正片,手表,穿戴,AMAZFIT,《值不值得买》第172期：你能不能瘦心里还没点数吗——AMAZFIT米动手表青春版,189,13:17,1503021621
13460184,BBT,滑板,运动,BoostedBoard,BB Time第八十七期：两个老年人公然飙车 BoostedBoard,98,10:06,1502934574
13408187,BBT,相机,摄影,佳能,BB Time第八十六期：适合做vlog的相机佳能M5,21,8:38,1502848846
13361427,正片,,手机,华为,《值不值得买》第171期：基佬看了想打人——华为P10,95,16:26,1502762414
13221650,其它,,日常,,今日停更  一同祈福,174,0:10,1502417867
13120955,其它,,广告,,「TESTV广告」你好！这里是TESTV地球推广！,166,16:12,1502212546
13094067,正片,硬盘,外设,Gnarbox,《值不值得买》第170期：能剪小电影的硬盘——Gnarbox,189,16:10,1502157662
13017157,BBT,成都,见面会,,BB Time第八十五期：成都粉丝见面会,21,11:25,1501986675
12979287,BBT,,摄影|幕后,,BB Time第八十四期：TESTV 影视飓风Style,21,17:28,1501897952
12938544,正片,,摄影,富士,《值不值得买》第169期：让人无法抗拒的街拍神器——X100F,190,16:29,1501811867
12896224,BBT,成都,旅行|美食,,BB Time第八十三期：吃货老板的成都美食之旅,76,13:05,1501725627
12819729,正片,镜头,摄影,DxO,《值不值得买》第168期：小 更小的相机——DxO ONE,190,14:45,1501557474
12666897,正片,,平板,苹果,《值不值得买》第167期：能与它抗衡的平板电脑不多了——iPad Pro 10.5,95,12:47,1501207625
12546757,正片,,手机,米兔,《值不值得买》第166期：防火防盗防闺蜜——米兔定位电话,95,10:45,1500948057
12444581,BBT,耳机|播放器|相机,开箱,艾利和|富士,BB Time第八十二期：Ak70播放器与X-T20相机开箱体验,190,10:41,1500688851
12404971,正片,,电脑,苹果,《值不值得买》第165期：上网本也有大心脏——MacBook2017,95,10:23,1500602404
12361204,其它,,回顾,,「TESTV」两周年特别节目,21,15:25,1500457992
12296578,正片,耳机,影音,Bose,《值不值得买》第164期：我目前最喜欢的降噪耳机——QC30,191,13:20,1500343219
12140733,BBT,平板,开箱,苹果,BB Time第八十一期：iPad Pro 10.5英寸开箱体验,95,8:50,1499911239
12079528,正片,,手机,一加,《值不值得买》第163期：1+5等不等于六——OnePlus 5,95,11:25,1499738443
11988080,BBT,软件,开箱,苹果,BB Time第八十期：体验iOS11公测版,95,12:43,1499479210
11909943,BBT,画板|打印机|手机,开箱,BoogieBoard|小米,BB Time第七十九期 :本期开箱重点并不是小米Max 2,189,8:55,1499306430
11852788,正片,滑板,户外,EXWAY,《值不值得买》第162期：用电动滑板上天——EXWAY电动滑板,95,15:54,1499169603
11740674,BBT,蹦床,运动,,BB Time第七十八期 ：能不能好好的玩儿蹦床！,21,13:10,1498910423
11681211,BBT,手机,幕后,小米,BB Time第七十七期 ：值不值得买小米6拍摄花絮,21,10:22,1498737609
11654415,正片,,手机,小米,《值不值得买》第161期：等了七年的双摄旗舰——小米6,95,12:27,1498564846
11589106,BBT,手机,开箱,一加,BB Time第七十六期 ：OnePlus 5开箱体验,95,4:59,1498392034
11581349,BBT,滑板,运动,,BB Time第七十五期 ：新手玩儿滑板也能这么酷！（滑稽）,163,10:53,1498305606
11518069,BBT,电脑,开箱,苹果,BB Time第七十四期 ：新MacBook新办公室,21,15:47,1498132810
11486016,正片,无人机,摄影,大疆,《值不值得买》第160期：无法飞翔的无人机——晓Spark,190,19:59,1497962949
11401961,BBT,滑板,运动,,BB Time第七十三期 ：超级酷的电动滑板——exwayboard,21,15:52,1497700844
11350011,BBT,,旅行,,BB Time第七十二期 ：TESTV的中国式英语！,21,14:29,1497527296
11292248,正片,,手机,三星|HTC,《值不值得买》第159期：谁才是今年的安卓机皇——U11&S8,95,26:54:00,1497355209
11228721,BBT,,旅行,,BB Time第七十一期 ：男后期和配音君在草原——啊！啊！啊！,21,17:05,1497113046
11148094,BBT,发布会,旅行,大疆,BB Time第七十期 ：打飞的去北京上班——参加DJI Spark发布会,190,14:32,1496923208
11100051,正片,耳机,影音,Beats,《值不值得买》第158期：不装逼，买它何用——BeatsX,95,10:25,1496750449
11056665,BBT,北京,见面会,,BB Time第六十九期 ：参加北京值友节——北京铁丝见面会,95,12:00,1496556005
11001821,BBT,台湾,旅行,,BB Time第六十八期 ：体验台湾Gogoro——台湾之行最后一天,21,17:52,1496333097
10970561,BBT,台湾,见面会,,BB Time第六十七期 ：台湾铁丝见面会——美女如云,21,31:50:00,1496223662
10937925,正片,,手机,坚果,《值不值得买》第157期：我才不会拿来削苹果呢(～o￣3￣)～——坚果Pro,95,16:16,1496123172
10883700,BBT,发布会,旅行,HTC,BB Time第六十六期 ：HTC U11手机发布会——明天更精彩,95,15:33,1495955724
10820900,BBT,台湾,旅行,,BB Time第六十五期 ：台湾的麻辣香锅值不值得吃——未完待续,21,12:44,1495718570
10786842,BBT,台湾,旅行,,BB Time第六十四期 ：老板和配音君在台湾公然飙车——未完待续,21,9:02,1495595603
10764787,正片,,摄影,索尼|莱卡,《值不值得买》第156期：具有“划时代”意义的相机——Sony香水相机与徕卡Sofort,190,14:40,1495508522
10722612,BBT,无人机,旅行|摄影,GoPro,BB Time第六十三期 ：色影师与小姐姐们的香港之行——GoPro Karma无人机,21,21:45,1495356013
10598648,正片,手表,穿戴,Withings,《值不值得买》第155期：第二好看的智能手表——Withings Steel HR,95,15:06,1494910594
10495380,正片,打印机,外设,富士|惠普,《值不值得买》第154期： 可以送给女朋友的打印机——hp与富士打印机,189,13:56,1494565059
10472789,BBT,延时,摄影,小默,BB Time第六十二期 ：自制延时旋转利器,95,6:26,1494479665
10427336,正片,NAS,外设,群晖,《值不值得买》第153期：工作娱乐两不误的看片神器——群晖Office套件,95,14:09,1494299140
10328324,正片,,居家,小米,《值不值得买》第152期：晚上起床尿尿，再也不怕摔跤。——小米智能家居,95,15:07,1493974066
10259491,正片,无人机,摄影,大疆,《值不值得买》第151期：入门无人机的杀手——DJI精灵3SE,190,14:25,1493711194
10153438,正片,稳定器,摄影,大疆,《值不值得买》第150期：老铁！稳得很——DJI如影M,190,13:05,1493372002
10082163,正片,烧水壶,居家,小米|云米,《值不值得买》第149期：我们就是大自然的搬运工——米家电水壶与云米滤水壶,95,15:21,1493088428
10068386,BBT,重庆,见面会,,BB Time第六十一期 ：TESTV重庆铁丝见面会,21,12:52,1493026774
9989245,正片,稳定器,摄影,智云,《值不值得买》第148期：我可能买了个假的DJI——智云Smooth Q,190,11:01,1492762654
9920637,正片,,玩具,银河战甲,《值不值得买》第147期：在现实中玩坦克大战——银河战甲,95,13:32,1492481441
9826191,正片,滑板,户外,小米,《值不值得买》第146期：震惊！男后期公然飙车——小米电动滑板车,176,11:15,1492142163
9813064,BBT,无线充电,开箱,,BB Time第六十期 ：PY君DIY无线充电桌,95,8:06,1492079306
9784603,BBT,无人机,开箱,大疆,BB Time第五十九期 ：想不到大疆也能这么便宜——精灵3SE开箱,190,9:03,1491967396
9768568,正片,,摄影,索尼,《值不值得买》第145期：索尼大法好第五集——RX100M5／α6500,190,12:35,1491909953
9663534,正片,掌机,游戏,任天堂,《值不值得买》第144期：不是说好要玩表吗——任天堂SWITCH,189,12:02,1491531681
9600458,正片,,手机,华为,《值不值得买》第143期：想要拍得好，徕卡不能少——Mate 9 Pro,95,14:30,1491283241
9502392,正片,耳机,影音,索尼|Bose,《值不值得买》第142期：降噪强者的对决——1000X VS QC35,191,18:03,1490936140
9444955,正片,快门线,摄影,,《值不值得买》第141期：女后妻用相机竟然拍出这样的画面——茄子快门线与电鳐,190,9:58,1490678882
9415557,其它,,录播,,TESTV｜直播（录播版）第15期：辣子鸡,76,127:42:00,1490539127
9336837,BBT,相机|游戏,开箱,索尼|任天堂,BB Time第五十八期 ：我在任天堂买了块表——索尼相机和Switch开箱,189,11:05,1490245661
9299652,正片,运动相机,摄影,小蚁,《值不值得买》第139期：土狗间的较量——小蚁4K和SJ7 STAR,190,11:15,1490071189
9237260,其它,,录播,,TESTV｜直播（录播版）第14期：冷吃兔烧冬瓜,76,128:29:00,1489823546
9212564,正片,,电脑,苹果,《值不值得买》第138期：Let's Touch 吧——MacBook Pro,95,14:27,1489730659
9155552,正片,保温杯,日用,GYENNO,《值不值得买》第137期：连喝水都变智能——GYENNO智能水杯,191,11:11,1489458785
9123295,其它,,录播,,TESTV｜直播（录播版）第13期：TESTV全体挑战喝黄连水,76,124:46:00,1489310172
9068233,正片,耳机,影音,Bose,《值不值得买》第136期：请给我一个沉浸的机会——BOSE QC35,191,13:15,1489113575
9056706,BBT,昆明,见面会,,BB Time第五十七期 ：PY君就只知道吃——昆明网友见面会,21,11:33,1489049749
9016977,正片,稳定器,摄影,GoPro,《值不值得买》第135期：沉迷于稳定器无法自拔——GoPro Karma Grip,190,11:09,1488857395
8980806,其它,,录播,,TESTV｜直播（录播版）第12期：TESTV全体挑战吃芥末面,76,146:31:00,1488692232
8936829,正片,键鼠,外设,罗技,《值不值得买》第134期：我就是手残党克星——罗技RGB键鼠,191,14:32,1488525088
8901400,BBT,海南,见面会,,BB Time第五十六期 ：海南粉丝见面会,21,12:09,1488342751
8884161,正片,加湿器,居家,戴森,《值不值得买》第133期：今天的风儿有点喧嚣2——戴森加湿器,95,16:04,1488260674
8802168,正片,耳机,影音,QCY,《值不值得买》第132期：买不到AirPods怎么办——QCY Q29蓝牙分体式耳机,191,15:54,1487925044
8742599,正片,吹风机,居家,戴森,《值不值得买》第131期：今天的风儿有点喧嚣——戴森吹风机,95,18:28,1487648662
8696945,其它,,录播,,TESTV｜直播（录播版）第10期：老板搞美食——醉虾,76,122:09:00,1487435169
8673364,正片,无屏电视,影音,极米,《值不值得买》第130期：你想过在家看300寸的电视吗？——极米H1无屏电视,191,17:15,1487341485
8620026,正片,耳机,影音,苹果,《值不值得买》第129期：听说用了这个耳机不会变成基佬——AirPods,95,16:22,1487086296
8548131,其它,,录播,,TESTV｜直播（录播版）第9期：老板搞美食——土匪洋芋,76,124:25:00,1486797582
8528649,正片,手表,穿戴,苹果,《值不值得买》第128期：爱运动，爱WATCH——Apple Watch Series 2,95,12:26,1486719296
8503037,BBT,电脑,装机,苹果,BB Time第五十五期 ：修理工系列——PY君更换MacBook音箱,189,8:14,1486626052
8460662,正片,全景相机,摄影,DETU,《值不值得买》第127期：全景，离你想象还很远——DETU全景相机,190,13:37,1486457642
8367709,正片,体温计,日用,感之度,《值不值得买》第126期：孩子感冒发烧老不好——感之度体温计,191,6:45,1486091388
8310260,其它,,回顾,,《值不值得买》2017新年特别节目——你好！我是女后妻。3Q!,138,15:34,1485825907
8248962,其它,,回顾,,《值不值得买》2017新年特别节目（产品篇）,191,19:49,1485494275
8186499,正片,空气净化器,居家,霍尼韦尔,《值不值得买》第125期：当仰望蓝天成为一种奢望——霍尼韦尔Air－Touch X2空气净化器,191,12:20,1485223819
8110063,正片,电饭煲,居家,小米,《值不值得买》第124期：年轻人的第一次碉“煲”——米家IH电饭煲,95,9:51,1484881398
8081879,BBT,深圳,见面会,,BB Time第五十四期 ：难忘的粉丝见面会与科技江湖——TESTV第二次深圳之行,95,10:39,1484741390
8058247,正片,耳机,影音,索尼,《值不值得买》第123期：我的低调不是你装逼的资本——MDR-1ABT,190,11:58,1484640919
8011709,其它,,录播,,TESTV｜直播（录播版）第8期：回家过年给妈妈做道菜——群演搞黑暗料理,76,118:51:00,1484402303
7983364,正片,机器人,玩具,TankBot,《值不值得买》第122期：厉害的我的瓦力——可编程积木机器人TankBot,95,13:42,1484279104
7938518,正片,无人机,摄影,DOBBY,《值不值得买》第121期：“逗比”拍照——DOBBY 无人机,190,16:38,1484026634
7890781,其它,,录播,,TESTV｜直播（录播版）第7期：回家过年给妈妈做道菜——蒜苗炒板鸭  香肠豌豆焖饭,76,123:38:00,1483767894
7878809,正片,运动相机,摄影,索尼,《值不值得买》第120期：GoPro的完美对手——索尼FDR-X3000,190,13:30,1483695951
7845427,BBT,无人机,开箱|摄影,DOBBY,BB Time第五十三期 ：一个能放进裤袋的自拍无人机——零度DOBBY无人机,190,7:41,1483499166
7834320,正片,无人机,摄影,大疆,《值不值得买》第119期：你能闭着眼睛开无人机吗——精灵4Pro,190,20:27,1483426655
7801685,其它,,录播,,TESTV｜直播（录播版）第6期：回家过年给家人做道菜——水煮鱼,76,124:31:00,1483258181
7760156,正片,,电脑,联想,《值不值得买》第118当瑜伽遇上书——YOGA BOOK,95,18:58,1483069725
7734870,正片,干衣机,居家,卡蛙,《值不值得买》第117期：好衣架不如吹风机——卡蛙干衣机与Fixate神奇胶垫（已修正）,191,12:53,1482908519
7672336,其它,,录播,,TESTV｜直播（录播版）第5期：老板群演搞鸭子,76,112:40:00,1482563410
7652905,正片,背包,穿戴,蒙马特,《值不值得买》第116期：圣诞“劫”的礼物来了——蒙马特防盗双肩包,95,17:05,1482463017
7610250,正片,助力车,户外,小米,《值不值得买》第115期：要啥自行车啊——小米电助力折叠自行车,95,10:33,1482199855
7569463,其它,,录播,,TESTV｜直播（录播版）第4期：老板和PY君的童年,21,128:58:00,1481971699
7547661,正片,,手机,小米,《值不值得买》第114期：你从未见过如此漂亮的手机——小米MIX,95,19:39,1481862209
7537161,BBT,,幕后,,BB Time第五十二期 ：外星人和女后妻唱歌独家花絮,21,14:21,1481790258
7509551,正片,麦克风,影音,舒尔,《值不值得买》第113期：女后妻的演唱会——舒尔shure MV51和MV88,191,21:56,1481610571
7488144,其它,,录播,,TESTV直播第三期,76,136:40:00,1481460486
7434062,正片,玩具飞机,玩具,Parrot,《值不值得买》第112期：法式上天——Parrot Disco,190,17:13,1481177734
7409541,正片,无人机,摄影,大疆,《值不值得买》第111期：“御”疆飞翔——Mavic Pro,190,22:10,1481012705
7374404,BBT,手机,开箱,小米,BB Time第五十一期 ：今后接电话可以这样装B了——小米MIX开箱,95,9:02,1480814144
7321406,其它,,录播,,TESTV直播第二期,76,58:47:00,1480500970
7307014,正片,播放器,影音,索尼,《值不值得买》第109期：SONY大法好第四集——NW－A27HN,191,18:18,1480408260
7292372,BBT,,旅行,,BB Time第五十期 ：TESTV都是大傻B——被困仙女山的一天,21,13:14,1480313751
7247526,BBT,无人机|麦克风,旅行|摄影|幕后,大疆|舒尔,BB Time第四十九期 ：男后妻的屁股和女后妻的胸,191,8:46,1480066536
7231618,正片,复古相机,摄影,LOMO,《值不值得买》第108期：保证下周不做相机了——LOMO’INSTANT,190,14:41,1479963873
7205681,正片,,摄影,富士,《值不值得买》第107期：不好意思！你们最喜欢的相机体验又来了——富士X－Pro2,190,11:48,1479787146
7143706,BBT,火锅,美食,,BB Time第四十八期 ：重庆火锅正确吃法第二弹——TESTV火锅底料2.0,76,5:40,1479439076
7132616,正片,键盘,外设,罗技,《值不值得买》第106期：你以为它是个键盘 其实它是个吹风机——罗技K480蓝牙键盘,189,11:59,1479359440
7106433,正片,画板,玩具,BoogieBoard,《值不值得买》第105期：你是不是好久没有用笔写过字了——Boogie Board Sync,95,15:38,1479177396
7071042,BBT,东京,旅行,,BB Time第四十七期 ：TESTV走向世界第一站东京——老板去体验东京到底热不热,21,11:00,1478957014
7035167,正片,运动相机,摄影,GoPro,《值不值得买》第104期：双11虐狗？连“狗”都凑成对——GoPro Hero5,190,15:04,1478750313
7010132,正片,,手机,锤子,《值不值得买》第一百零三期：锤子锤，向日葵——锤子手机Smartisan M1L,95,17:52,1478575885
6936213,正片,稳定器,摄影,大疆,《值不值得买》第102期：iPhone移动延时最终解决方案——OSMO Mobile,95,17:11,1478137362
6922691,BBT,,开箱,WEGENE,BB Time第四十六期：污！好多马赛克，不信你就点开看。,95,15:33,1478018938
6857386,BBT,运动相机,开箱|摄影,GoPro,BB Time第四十五期： 颤抖吧！凡人，你们对GoPro的力量一无所知——GoPro Hero 5开箱体验,190,14:06,1477644947
6842310,正片,稳定器,摄影,智云,《值不值得买》第101期：不想当健身器材的微单不是一个好稳定器——智云云鹤以及云鹤M,190,19:20,1477540608
6834956,其它,,录播,,TESTV直播第一期,21,23:54,1477477805
6819779,BBT,手机,开箱,锤子,BB Time第四十四期：列个锤子很锤子，我还搞个锤子啊——锤子开箱,95,26:50:00,1477370920
6750046,正片,,摄影,富士,《值不值得买》第一百期：无题——富士X-T2,190,22:08,1476950916
6654647,正片,火箭鞋,户外,ACTON,《值不值得买》第九十九期：TESTV实力COS哪吒三太子——ACTON火箭鞋Rocketskates,95,14:51,1476325031
6634914,BBT,相机|手机,开箱,苹果|富士,BB Time第四十三期：“被水淹没，不知所措”——iPhone7 Plus、富士XT2开箱,95,9:51,1476174126
6622923,BBT,,旅行,,BB Time第四十二期：老板、女后妻和色影师不得不说的秘密,21,9:08,1476086485
6560066,正片,,手机,三星,《值不值得买》第九十八期：未来战争的黑科技武器——三星note7,95,16:19,1475719394
6526302,BBT,打印机,开箱,Prynt,BB Time第四十一 期：你见过AR相片打印机么？——Prynt开箱,95,5:46,1475543150
6455205,正片,VR,影音,微软,《值不值得买》第九十七期：没玩过微软的这个产品还敢说你了解高科技？——微软HoloLens,189,15:46,1475115031
6453932,BBT,北京,旅行,,BB Time第四十期：英雄联盟——北京之行（下）,95,12:00,1475088340
6439521,BBT,北京,旅行,,BB Time第三十九期：男后妻、空姐和2路汽车——北京之行（上）,21,9:27,1474981459
6433297,其它,,广告,,【TESTV|官方宣传片】TESTV粉丝故事——7oe,95,1:56,1474943592
6393203,BBT,守望先锋,游戏,,BB Time第三十八期：没见过比这个还水的守望先锋水友赛,171,8:39,1474685728
6372338,正片,,手机,苹果,《值不值得买》第九十六期：买了iPhone 7一定先做这十件事否则等于没买,138,17:17,1474524830
6360623,BBT,,旅行|运动,,BB Time第三十七期：TESTV傻缺碉堡集锦,21,6:46,1474430369
6349356,BBT,手机,日常,三星,BB Time第三十六期：Note 7 水下爆炸测试——Note7开箱,95,13:51,1474337436
6349081,BBT,无人机,幕后,GoPro|大疆,BB Time第三十五期：两架无人机的“战争”,190,6:52,1474334856
6319899,BBT,手机,开箱,苹果,BB Time第三十四期:购买iPhone7的一天,95,9:54,1474101742
6288010,正片,滑板,户外,美巴克,《值不值得买》第九十五期：你与柯南之间只差十个特斯拉—美巴克电动滑板,95,15:37,1473928170
6269584,BBT,,旅行,,BB Time第三十三期：一张照片就是一个故事——海明湖之旅（一）,190,11:44,1473816502
6263179,正片,,手机,苹果,《值不值得买》第九十四期：iPhone 7看完这八点再决定买不买,95,13:14,1473758267
6198676,正片,,手机,魅族,《值不值得买》第九十三期：为发布会而生的手机——魅族MX6,95,18:19,1473308543
6190563,其它,,日常,,Microsoft HoloLens游戏体验——RobotRaid,189,4:19,1473240881
6176793,BBT,VR,开箱,微软,BB Time第三十二期：今后回家再也不需要女朋友了——HoloLens开箱,189,8:38,1473137066
6111235,正片,手表,穿戴,TicWatch,《值不值得买》第九十二期：能打电话的手表哦—ticwatch2,191,15:38,1472704467
6082508,BBT,手机,开箱,OPPO|魅族|小米,BB Time 第三十一期：抽搐的红米pro——OPPO R9和R9 Plus、魅族MX6、红米Pro开箱,95,21:06,1472537177
6015000,其它,,广告,,【TESTV|官方宣传片】PY君,124,1:20,1472179315
6000885,正片,玩具艇,玩具,Parrot,《值不值得买》第九十一期：这真是“一颗赛艇”——Parrot 水翼艇,95,14:48,1472104553
5986684,BBT,无人机|VR,旅行|摄影,大疆,BB Time 第三十期：仙女山之行第二弹－当大疆精灵4遇上VR,190,10:07,1472027362
5969929,BBT,无人机,旅行,大疆,BB Time 第二十九期：仙女山之行第一天——大疆救援机,124,8:31,1471942372
5952094,BBT,,旅行,,BB Time 第二十八期：仙女山之行前传——下海前的准备,21,7:45,1471854219
5876806,正片,VR,影音,LeVR,《值不值得买》第九十期：好的VR不仅仅只有戴着舒服——LeVR Pro1,191,11:52,1471485332
5842292,BBT,,运动,,BB Time 第二十七期：TESTV魔鬼式惩罚——小朋友千万不要写错别字哦,191,8:36,1471315451
5826486,BBT,VR|外设,开箱,乐视|苹果,BB Time 第二十六期：办公室收到了个大西瓜—乐视VR与Apple 新款Lightning SD卡读卡器开箱,191,11:05,1471234984
5762955,正片,稳定器,摄影,智云,《值不值得买》第八十九期：舞法天女大PK—智云和智能鸟,95,19:40,1470901587
5726326,BBT,遮光罩,摄影,,BB Time 第二十五期：修理工系列—py君教你自制遮光罩,122,11:50,1470719524
5643946,正片,手环,穿戴,小米,《值不值得买》第八十八期：传说中的手环！—小米手环2,95,18:58,1470291569
5630441,BBT,VR,游戏,HTC,BB Time第二十四期：我是一个双刀近战魔法弓箭手－Vanishing Realms,17,58:32:00,1470217309
5610127,BBT,无人机,摄影,小米,BB Time 第二十三期：有史以来第一个十分——小米无人机,189,13:56,1470116161
5547732,BBT,火锅,美食,,BB Time 第二十二期：火锅底料正确吃法,76,5:02,1469774667
5535104,正片,无人机,摄影,小米,《值不值得买》第八十七期：年轻人的第一台血滴子——小米无人机,95,19:13,1469698965
5497679,BBT,耳机|音箱,开箱,乐视|索尼,BB Time第二十一期：色影师的实力吐槽！——乐视蓝牙耳机与索尼蓝牙音响,190,9:54,1469502602
5429579,正片,,手机,一加,《值不值得买》第八十六期：不将就—— 一加三手机,95,19:57,1469093518
5410548,其它,,鬼畜,,【全明星】TESTV的天国与地狱,22,1:51,1468988027
5398247,其它,,回顾,,《值不值得买》特别节目：TESTV一周年，感谢有你,21,16:40,1468909738
5334390,正片,VR,游戏,HTC,《值不值得买》第八十五期：你想要的沉浸－htc VIVE,95,21:32,1468502793
5301527,BBT,平衡车,汽车,小米,BB Time第二十期：安全第一——配音君教你修理小米平衡车,98,5:41,1468303790
5237012,正片,耳机,影音,索尼,《值不值得买》第八十四期：先别急，让我装个逼——钻石之泪与Sony MDR－100AAP,191,18:37,1467881099
5212189,BBT,稳定器,开箱|摄影,智云,BB Time第十九期：壮“智”凌云——智云SMOOTH－II上手体验,190,6:14,1467713061
5146470,BBT,手机|耳机,开箱,一加|索尼,BB Time第十八期：一加3手机开箱和索尼骚红耳机开箱,95,5:42,1467269135
5125054,正片,,手机,小米,《值不值得买》第八十三期：比更大  还要大－小米Max,95,14:08,1467104195
5070198,正片,无人机,摄影,大疆,《值不值得买》第八十二期：你抓得住精灵的帽子么？——大疆精灵4（Phantom4）,190,13:08,1466691353
5047193,正片,阅读器,电子纸,Kindle,《值不值得买》第八十一期：相见不如怀念——Kindle Oasis,191,13:23,1466506594
5034230,BBT,软件,开箱,苹果,BB Time第十七期：红红火火恍恍惚惚——iOS10更新感受,95,6:07,1466403324
4990834,正片,VR,影音,暴风,《值不值得买》第八十期：有种子的魔镜才是好魔镜——暴风魔镜4（iPhone定制版）,95,12:59,1466069100
4972115,正片,音箱,影音,REAGO,《值不值得买》第七十九期：砸不烂的蓝牙音箱——REAGO GO free音箱,191,15:04,1465901232
4911558,正片,,手机,小米,《值不值得买》第七十八期：少点套路，多点真诚——小米5,189,10:58,1465436858
4892089,正片,,摄影,徕卡,《值不值得买》第七十七期：发现德味儿的旅程——徕卡M Typ240相机,190,9:03,1465279391
4880800,BBT,,日常,,BB Time第十六期：女后妻的作死不归路（下）——节目效果爆炸的鲱鱼罐头,21,6:49,1465184422
4851331,BBT,,日常,,BB Time 第十五期：将五种圣水混在一起的神奇功效——史上最难喝的饮料,21,4:57,1464948533
4841485,正片,,手机,华为,《值不值得买》第七十六期：拍出徕卡味——华为P9,95,13:22,1464859414
4828773,BBT,,日常,,BB Time第十四期：黑板上出现的神秘文字——亚马逊售后,95,3:06,1464746192
4823814,正片,,摄影,索尼,《值不值得买》第七十五期：索尼大法好第三集——Sonya6000与小米无人机吐槽,189,15:21,1464692966
4813819,BBT,,日常,,BB Time第十三期：女后妻的作死不归路（上）——鲱鱼罐头与崂山白花蛇草水,21,4:39,1464601946
4778526,BBT,硬盘,开箱,Lacie,BB Time第十二期：配音君终于开上了劳斯莱斯——Lacie硬盘,189,4:18,1464335335
4768163,正片,,摄影,索尼,《值不值得买》第七十四期：索尼Sony大法好第二集——FDR-AX40 4K数码摄像机,190,14:01,1464237961
4751597,正片,音箱,影音,,《值不值得买》第七十三期：嗜睡的喵星人——音乐猫和Solar睡眠灯,95,11:27,1464074574
4744373,其它,,预告,,女后妻的作死不归路（预告）,21,0:51,1464000444
4702588,正片,,摄影,索尼,《值不值得买》第七十二期：索尼大法好第一集——黑卡4,190,15:43,1463665968
4683361,BBT,无人机,旅行|摄影,大疆,BB Time第十一期:该出手时就出手——配音君的寻果之旅（下）,21,5:09,1463481827
4682519,BBT,无人机,旅行|摄影,大疆,BB Time第十期：寻找初恋的味道——配音君的寻果之旅（上）,21,7:46,1463475986
4681816,正片,,手机,魅族,《值不值得买》第七十一期：第一个吃苹果的人——魅族Pro6,95,14:04,1463470020
4629999,正片,,手机,三星,《值不值得买》第七十期：盖世机皇——三星盖乐世S7 edge,95,13:01,1463043139
4620970,正片,独轮车,户外,Ninebot,《值不值得买》第六十九期：又踏风火轮——Ninebot-One独轮车,95,13:10,1462954074
4586365,BBT,音箱|发布会,旅行,,BB Time第八期：配音君与猫女郎的狂欢之夜——深圳之行（二）与音乐猫上手体验,191,4:49,1462626882
4572601,BBT,音箱|发布会,旅行,,BB Time第八期：配音君的艳遇——深圳之行（一）,124,4:54,1462526055
4570567,正片,NAS,外设,群晖,《值不值得买》第六十八期：人人都能用的服务器——群晖NAS DS216play（家用篇）,189,12:08,1462509884
4562719,正片,NAS,外设,群晖,《值不值得买》第六十七期：人人都能用的服务器——群晖NAS DS216play（商用篇）,191,12:21,1462425517
4547545,BBT,相机|外设,开箱|摄影,GoPro|富士,BB Time第七期：一重庆小伙砸锅卖铁竟只为养只狗——Gopro配件开箱与富士X70街拍,190,6:13,1462268789
4501930,BBT,电视果|手柄,开箱,,BB Time第六期：你见过这么好看的水果么？电视果与赛睿游戏手柄,191,4:31,1461925804
4490381,正片,,摄影,富士,《值不值得买》第六十六期：高颜值街拍神器——富士X70与mini70,95,10:55,1461816845
4473874,BBT,无人机,开箱,大疆,BB Time第五期：配音君魔性表情包上线——大疆精灵4首飞与稀奇古怪网友开箱,190,2:59,1461638654
4437317,BBT,无人机|运动相机,摄影,GoPro|大疆,BB Time 第四期：搏一搏，机车变摩托，配音君的血泪史——大疆精灵4与GoPro HERO4,190,4:57,1461323006
4419441,正片,,手机,苹果,《值不值得买》第六十五期：眼观过去，心系未来——iPhone SE到底值不值得买,95,10:06,1461140213
4412111,BBT,软件,旅行,三星,BB Time第三期：Apple Pay简直弱爆了——Samsung Pay,191,4:21,1461058684
4394653,BBT,软件,旅行|汽车,car2go,BB Time第二期：惊艳！5人强行插入Smart，没钱竟然也可以开奔驰——体验car2go,21,3:59,1460883074
4361639,正片,水质检测笔,日用,小米,《值不值得买》第六十四期：纯净的水健康的水（？）——小米TDS水质检测笔,189,6:15,1460614469
4353193,BBT,,开箱,,TESTV|BB Time第一期：三星S7娱乐开箱与Apple Pay的日常支付,21,5:22,1460521695
4345547,正片,电动螺丝刀,日用,Wowstick,《值不值得买》第六十三期：华而不实的小电钻——Wowstick电动螺丝刀,95,9:11,1460435439
4307513,正片,,软件,微软|小米,《值不值得买》第六十二期：想说爱你不容易——Windows10 手机版,95,7:41,1460099414
4242397,正片,耳机,影音,Parrot,《值不值得买》第六十一期：听出新境界——Parrot Zik 3.0,191,11:20,1459502027
4235990,BBT,手机,开箱,苹果,《值不值得买》特别篇：购买iPhone SE那娱乐的一天,95,6:18,1459427426
4227893,正片,无人机,摄影,Parrot,《值不值得买》第六十期：我要飞得更高——Parrot Bebop 2,98,10:16,1459336585
4210357,BBT,无人机,开箱,Parrot,《值不值得买》娱乐开箱第九期：Parrot Bebop Drone2,98,14:01,1459138092
4193736,其它,,预告,,《值不值得买》预告片：这就是传说中的那架航拍无人机——Parrot Bebop 2,98,0:55,1458987942
4175252,正片,,手机,苹果,《值不值得买》第五十九期：别走肾，走心——浅谈iPhone SE,95,10:03,1458803172
4123213,正片,智能垃圾桶,居家,艾普臣,《值不值得买》第五十八期：提高颜值会更好——艾普臣智能感应垃圾桶,21,6:24,1458273115
4066067,正片,键鼠,外设,雷蛇,《值不值得买》第五十七期：充满打击感的演奏——雷蛇机械键鼠,189,12:02,1457673134
4010943,正片,音箱,影音,Shout,《值不值得买》第五十六期：我来组成头部－shout分体式音箱,191,12:41,1457079479
3954820,正片,触控笔,外设,苹果,《值不值得买》第五十五期：为创造而生的铅笔——Apple Pencil,95,9:53,1456471974
3927118,正片,耳机,影音,,《值不值得买》第五十四期：这就是传说中的ue299吗,191,9:11,1456192342
3874775,正片,洗漱包,日用,Imblu,《值不值得买》第五十三期：用纸做的洗漱包——imblu洗漱包,21,7:03,1455763945
3792627,其它,,回顾,,《值不值得买》新年特别节目2（产品篇）,95,15:46,1454993763
3748353,其它,,回顾,,《值不值得买》新年特别节目(评论篇）,138,7:09,1454548256
3684251,正片,画板,玩具,BoogieBoard,《值不值得买》第五十二期 ：这就是一块普通的绘画板——boogie board jot,95,8:25,1453949192
3668210,正片,平衡车,户外,小米,《值不值得买》第五十一期：搞台新车回家过年 小米自平衡车,189,8:37,1453782468
3627809,正片,手表,穿戴,华为,《值不值得买》第五十期：像传统手表的智能手表——华为Watch,95,8:06,1453349381
3613701,正片,鼠标,外设,ODiN,《值不值得买》第四十九期：我可不是诸神之王——ODiN激光投影鼠标,189,8:37,1453175065
3577954,正片,机器人,玩具,,《值不值得买》第四十八期：原力与你同在——来自星球大战的BB-8,95,7:39,1452742025
3565228,BBT,平衡车,开箱,小米,《值不值得买》娱乐开箱第八期：小米自平衡车,189,16:00,1452564454
3531631,正片,甩脂机,日用,居康,《值不值得买》第四十七期：冬日健身——居康爬行甩脂机,21,7:26,1452139794
3519003,BBT,VR,开箱,嗨镜,《值不值得买》娱乐开箱第七期：嗨镜,191,9:26,1451958321
3483912,正片,全景相机,摄影,理光,《值不值得买》第四十五期：一手天球，一眼世界——理光天球数码照相机,190,9:36,1451538736
3443342,BBT,保温杯,开箱|节日,55度,《值不值得买》圣诞特别篇：娱乐开箱超大的苹果礼物与冬日暖心55度杯,21,11:58,1450960271
3429107,正片,雨伞,日用,RealBrella,《值不值得买》第四十二期：绝不会淋湿肩膀的RealBrella雨伞,138,6:23,1450747592
3401702,正片,,电脑,微软|苹果,《值不值得买》第四十一期：宅男的圣诞礼物——两个Pro的对决,95,6:43,1450348904
3389562,正片,杯垫,日用,coaster nevermore,《值不值得买》第四十期：连喝水都变智能的coaster nevermore智能杯垫,191,7:55,1450148836
3366857,正片,,电脑,微软,《值不值得买》第三十九期：延续传统的生产力工具——Surface Pro4,189,8:27,1449829806
3349600,正片,稳定器,摄影,大疆,《值不值得买》第三十八期：大疆无人机飞行器地面版，osmo手持稳定器加4k摄像,190,11:59,1449541868
3320777,正片,,平板,苹果,《值不值得买》第三十七期：iPad Pro与文件编辑,95,7:51,1449119851
3310699,BBT,平板|外设,日常,苹果,《值不值得买》番外篇三：装了原装键盘的iPad Pro到底有多厉害,95,7:51,1448934830
3287369,其它,,日常,,【爆笑】一个重庆人与听书宝的语音对话（未和谐版）,138,3:30,1448595807
3284495,正片,音箱,影音,喜马拉雅,《值不值得买》第三十六期：来自喜马拉雅的听书宝,191,9:08,1448534693
3272607,正片,平衡车,户外,FASTWHEEL,《值不值得买》第三十五期：这就是我要的风火轮,191,7:15,1448329590
3264917,BBT,平板|外设,开箱,苹果,《值不值得买》娱乐开箱第六期 Applepencil,95,2:36,1448191241
3245176,正片,扫地机器人,居家,智小兔,《值不值得买》第三十四期：是时候让机器人来打扫卫生了——智小兔扫地机器人,95,6:15,1447919702
3234750,正片,,软件,,《值不值得买》第三十三期：Next for iPhone,95,5:18,1447723962
3230261,BBT,平板|外设,开箱,苹果,《值不值的买》娱乐开箱第五期：配合iPad Pro的键盘Smart Keyboard,95,6:52,1447641368
3210471,BBT,平板,开箱,苹果,《值不值得买》娱乐开箱第四期：iPad Pro,95,12:10,1447331134
3209705,正片,耳机,影音,Bowers&Wilkins,《值不值得买》第三十二期：配音君之死——音乐的盛宴 Bowers&Wilkins P7,191,5:46,1447320921
3198525,正片,手表,穿戴,,《值不值得买》第三十一期：当智能手表低龄化之后,191,4:26,1447118795
3194849,BBT,平板,日常,苹果,《值不值得买》番外篇三：浅谈iPad的生产力,95,5:59,1447047539
3175868,正片,投影仪,影音,极米,《值不值得买》第三十期：追求音质的微型家庭影院——极米Z4X,191,4:44,1446777961
3162907,正片,,手机,诺基亚,《值不值得买》第二十九期：一个果粉体验windows phone一Lumia 640,95,5:19,1446529311
3125203,正片,背包,穿戴,Triangle Commuter,《值不值得买》第二十八期：永不倒下的 Triangle Commuter 单肩包,95,4:32,1445913490
3098387,正片,镜头,摄影,Puzlook,《值不值得买》第二十七期：外形比镜头更加优秀——Puzlook三合一镜头,95,2:59,1445504209
3093458,BBT,耳机,开箱,Bowers&Wilkins,《值不值得买》娱乐开箱第三期：Bowers&Wilkins P7,95,7:52,1445408650
3089866,其它,,鬼畜,,【鬼畜】我的6S,22,2:55,1445334598
3089410,BBT,手机,日常,小米|苹果,《值不值得买》番外篇二：一个从小米MI4转到iPhone6S的消费者的自白,21,6:26,1445327528
3054821,正片,,手机,苹果,《值不值得买》第二十六期 ：真iPhone 6S深度体验,95,5:17,1444732469
3029575,正片,手环,穿戴,Jawbone,《值不值得买》第二十五期：让你爱上运动的运动手环——Jawbone up24,191,5:27,1444290778
3028676,正片,,摄影,富士,《值不值得买》第二十四期 ：传统与现代的结合——富士X100t相机,190,4:17,1444276969
3028518,正片,稳定器,摄影,智云,《值不值得买》第二十三期 ：轻如鸿毛稳如泰山——智云三轴稳定器,190,6:04,1444273995
2957068,BBT,手机,开箱,苹果,《值不值得买》娱乐开箱第二期：iPhone 6S,95,10:28,1443238272
2949870,正片,,平板,苹果,《值不值得买》第二十二期：是时候出手了——iPad mini 4上手体验,95,5:53,1443087051
2941329,正片,,平板,苹果,《值不值得买》第二十一期：iPad pro就是iPad pro,95,4:02,1442895749
2938771,BBT,平板,开箱,苹果,《值不值得买》娱乐开箱体验第一期：iPad mini 4,95,5:23,1442833669
2936962,正片,,手机,苹果,《值不值得买》第二十期：iphone6s深度测（吐）评（槽）,95,2:37,1442800180
2912262,BBT,洗衣机,开箱,海尔,《值不值得买》番外篇：土豪喜欢的洗衣机——海尔卡萨帝双子云裳洗衣机,95,5:57,1442319441
2893096,其它,,日常,,【新人】为什么我看的苹果发布会和你们的不一样,22,2:12,1441965210
2888445,正片,扫描仪,外设,印象笔记,《值不值得买》第十九期：印象笔记Scansnap扫描仪,95,6:01,1441868668
2876368,其它,,广告,,值不值得买testv新主页华丽上线（主页篇）,95,1:24,1441599290
2876016,正片,耳机,影音,QCY,《值不值得买》第十八期：便宜的高性价比蓝牙耳机——QY7蓝牙运动耳机,191,3:51,1441591978
2845404,正片,洗衣机,居家,海尔,《值不值得买》第十七期：震出新境界——海尔咕咚便携式洗衣机,95,4:32,1441096714
2801365,正片,体重秤,居家,小米,《值不值得买》第十六期：值得肯定的性价比与实用性——小米体重秤,189,5:51,1440485451
2769996,正片,触控笔,外设,印象笔记,《值不值得买》第十五期：来自印象笔记的笔——JOT SCRIPT触控笔,95,5:00,1440045788
2718414,正片,音箱,影音,Beats,《值不值得买》第十三期：我只想静静的听你装B——beatspill音箱,191,2:09,1439277460
2690353,正片,手环,穿戴,小米,《值不值得买》第十二期：充满情怀的性价比——小米手环,95,4:43,1438842441
2679473,正片,无人机,摄影,Parrot,《值不值得买》第十一期：你见过这样的航拍机体验视频么？,98,4:44,1438670407
2651147,正片,耳机,影音,森海塞尔,《值不值得买》第十期：入门级耳机森海塞尔CX300-II以及航拍无人机加长预告,190,3:36,1438225919
2641900,正片,智能圆珠笔,外设,SMARTPEN,《值不值得买》第九期：圆珠笔也能玩高端智能？SMARTPEN2,95,2:53,1438073110
2614965,正片,耳机,影音,苹果,《值不值得买》第八期：Apple Watch、iPhone和蓝牙耳机的二三事,95,3:11,1437621135
2604838,正片,无人机,摄影,Parrot,《值不值得买》第七期：微型手机遥控无人机 Parrot Minidrones Rolling Spider,98,2:36,1437452555
2580270,正片,手表,穿戴,Withings,《值不值得买》第六期：瑞士制造的智能手表Withings Activite,95,2:52,1437017348
2570881,正片,手表,穿戴,苹果,《值不值得买》第五期：史上最搞笑苹果表测（tu）评（cao）AppleWatch,95,2:17,1436846591
2537083,正片,无人机,摄影,Parrot,《值不值得买》第四期：不被反感的尾行神器（Parrot尾行实拍）,98,2:18,1436237533
2507526,其它,,分钟小课堂,,《分钟小课堂》第一期《奋不顾身》,124,1:47,1435659283
2506684,正片,镜头,摄影,Olloclip,《值不值得买》第三期：iphone还能这么玩，毛都看清楚了,95,2:15,1435646382
2497101,正片,键盘,外设,Origami,《值不值得买》第二期：如何让iPad秒变笔记本电脑?,95,1:31,1435541950
2484490,正片,触控笔,外设,Bamboo,《值不值得买》第一期：Bamboo stylus fineline,95,1:37,1435289968
